"stateroute","spRich","ndvi.mean","shannonH","ndvi.var","ID","elev.var"
2001,71,0.78070985915493,2.27368334616125,0.002609692,483,245.213427856547
2006,53,0.778052173913043,NA,NA,NA,NA
2007,56,0.810832876712329,NA,NA,NA,NA
2014,67,0.791567605633803,NA,NA,NA,NA
2017,66,0.795502857142857,2.22124066286009,NA,496,1020.05814905815
2019,65,0.805892753623189,2.21608031121514,0.000718303166666669,497,307.519901719902
2020,66,0.819147142857143,NA,NA,NA,NA
2021,58,0.820498550724638,NA,NA,NA,NA
2022,59,0.791512676056338,2.28724910921325,NA,509,116.02325962326
2023,64,0.803787142857143,2.23092489427177,0.00118819733333333,504,362.939164168577
2024,65,0.796931428571429,NA,NA,NA,NA
2025,70,0.784425714285714,2.37148485467519,0.00216504833333333,506,580.270385587863
2026,64,0.782397101449275,NA,NA,NA,NA
2027,68,0.801548571428571,2.39224131236039,0.00228156392857143,508,274.962661077472
2029,69,0.794172463768116,NA,NA,NA,NA
2029,69,0.794172463768116,NA,NA,NA,NA
2031,60,0.740595588235294,2.07645454333708,NA,518,182.065244225004
2033,60,0.788105882352941,NA,NA,NA,NA
2034,63,0.794707142857143,2.19380470498859,NA,514,154.673113139215
2035,56,0.753480597014925,1.90294467596052,0.00133214387037037,520,171.288837947452
2036,65,0.810963768115942,NA,NA,NA,NA
2038,60,0.780965671641791,2.17067753329273,0.00154696457142857,516,256.103126061842
2039,59,0.796148571428571,2.20919937933117,0.000498335999999999,513,598.667485667486
2043,54,0.809371428571429,2.24393584236541,0.000685656666666667,501,483.36409608091
2045,69,0.811687671232877,NA,NA,NA,NA
2045,69,0.811687671232877,NA,NA,NA,NA
2047,65,0.819622535211268,2.21636535638817,NA,500,241.146788990826
2048,64,0.826294202898551,2.12580330695894,0.00413784066666666,505,43.4630053394355
2050,63,0.787941428571429,NA,NA,NA,NA
2051,60,0.798827536231884,2.22985482701138,NA,507,503.444688644689
2051,60,0.798827536231884,2.22985482701138,NA,507,503.444688644689
2052,55,0.778820289855073,2.11171050940032,0.000457300222222222,517,233.060489060489
2053,57,0.809764285714286,2.07482070358253,NA,510,369.139652227915
2053,57,0.809764285714286,2.07482070358253,NA,511,45.0666666666667
2055,65,0.778217647058823,2.27747836875141,0.00147477940740741,512,283.154293775348
2057,67,0.794493055555556,NA,NA,NA,NA
2059,58,0.818974647887324,NA,NA,NA,NA
2060,66,0.809927941176471,NA,NA,NA,NA
2061,65,0.800342253521127,NA,NA,NA,NA
2063,52,0.796489855072464,NA,NA,NA,NA
2065,61,0.795950724637681,NA,NA,NA,NA
2066,59,0.774487142857143,NA,NA,NA,NA
2067,64,0.77675223880597,NA,NA,NA,NA
2068,59,0.737004285714286,NA,NA,NA,NA
2072,67,0.763544927536232,1.88954891058854,0.00186037685714286,482,332.334710155249
2102,68,0.774076388888889,NA,NA,NA,NA
2105,62,0.794294366197183,2.03644609605175,NA,490,913.882506887052
2109,63,0.78893661971831,2.04933239712616,0.000928571,258,491.896026207093
2111,70,0.821712328767123,2.10286353605193,0.00350933709259259,495,1030.70197876448
2111,70,0.821712328767123,2.10286353605193,0.00350933709259259,495,1030.70197876448
2140,41,0.428189386420032,2.00263780077633,0.0620706906666667,524,131.153614457831
2142,56,0.572578784013606,NA,NA,522,135.395858585859
2156,61,0.811887837837838,NA,NA,NA,NA
2164,68,0.808282352941177,NA,NA,NA,NA
2201,71,0.810580555555556,2.0155132513849,0.000312596666666666,486,359.818042813456
2205,61,0.807947142857143,NA,NA,NA,NA
2207,64,0.805397222222222,2.24640553309496,NA,491,4966.18230008985
2212,63,0.787319117647059,NA,NA,NA,NA
2212,63,0.787319117647059,NA,NA,NA,NA
2214,60,0.810382089552239,NA,NA,NA,NA
2218,56,0.739694202898551,NA,NA,NA,NA
6012,36,0.195176176535329,NA,NA,537,23258.2396402751
6014,79,0.409856338028169,1.39518514074617,0.000274870333333333,540,42284.8091115234
6014,79,0.409856338028169,1.39518514074617,0.000274870333333333,541,5172.4
6017,41,0.303830985915493,NA,NA,NA,NA
6017,41,0.303830985915493,NA,NA,NA,NA
6018,31,0.232962559284277,0.157033270930558,4.09483333333333e-05,550,14902.4899371069
6020,39,0.298438571428572,0.621535193945974,0.000812419203703703,546,7077.42644513673
6020,39,0.298438571428572,0.621535193945974,0.000812419203703703,546,7077.42644513673
6024,44,0.257874251336898,NA,NA,NA,NA
6025,42,0.164644287091886,NA,NA,553,260.159145427286
6028,67,0.289268115942029,NA,NA,NA,NA
6032,92,0.392627536231884,NA,NA,NA,NA
6063,42,0.200454209393293,NA,NA,544,6150.92626571526
6063,42,0.200454209393293,NA,NA,544,6150.92626571526
6069,30,0.284100090344438,NA,NA,NA,NA
6069,30,0.284100090344438,NA,NA,NA,NA
6070,53,0.30161977124183,NA,NA,NA,NA
6070,53,0.30161977124183,NA,NA,NA,NA
6071,57,0.320811594202898,NA,NA,NA,NA
6071,57,0.320811594202898,NA,NA,NA,NA
6074,49,0.255461107313739,NA,NA,NA,NA
6074,49,0.255461107313739,NA,NA,NA,NA
6078,66,0.339364383561644,NA,NA,NA,NA
6078,66,0.339364383561644,NA,NA,NA,NA
6079,42,0.324813235294118,NA,NA,NA,NA
6083,55,0.305368571428571,NA,NA,NA,NA
6115,53,0.500762857142857,0.626775253394949,NA,538,8578.64868847627
6121,59,0.29746,NA,NA,NA,NA
6121,59,0.29746,NA,NA,NA,NA
6122,94,0.354857142857143,0.818023588421335,0.00995439972222223,548,179238.057502246
6122,94,0.354857142857143,0.818023588421335,0.00995439972222223,549,8223.4
7001,67,0.82602858,2.02135651992357,NA,589,41.5371007371007
7004,72,0.82443,1.87764709993481,NA,587,51.6398071625344
7005,62,0.81320424,2.11661040767711,NA,588,92.8150908244061
7007,59,0.80046388,2.13318919564738,NA,585,65.3419529499627
7012,70,0.83696322,1.95839663943342,0.000840134666666666,581,66.6889183613322
7013,69,0.83544324,2.03817047944184,NA,582,1734.67397831526
7015,51,0.82490548,NA,NA,NA,NA
7020,67,0.83632568,1.82131075754885,0.00117699366666667,573,9686.28083588175
7021,72,0.8160972,2.17723628769578,0.000895236634920634,572,3715.22653562654
7022,65,0.80161474,2.06672970158478,0.00207441302222222,574,570.336915297092
7023,65,0.85333976,NA,NA,NA,NA
7024,65,0.76825494,2.27612720722908,NA,575,2309.84470520064
7026,67,0.82361858,1.78099244034878,0.00110720685714286,564,561.365742128935
7027,76,0.80994658,NA,NA,NA,NA
7028,71,0.85005,1.04132296180713,0.00066569726984127,563,12759.1131756757
7029,61,0.83070824,NA,NA,NA,NA
7103,62,0.8340155,1.72084775258928,0.000803654,583,166.628173628174
7109,47,0.78359042,NA,NA,NA,NA
7114,55,0.82748528,1.92213350513118,0.000585709555555556,266,3177.42652210175
14001,66,0.828094936708861,NA,NA,NA,NA
14003,82,0.674394871794872,NA,NA,NA,NA
14006,76,0.854982894736842,NA,NA,NA,NA
14014,72,0.722288850174216,NA,NA,NA,NA
14015,65,0.666426315789473,NA,NA,NA,NA
14015,65,0.666426315789473,NA,NA,NA,NA
14016,29,0.585388888888889,NA,0.00511328561212121,596,195.52781289507
14018,58,0.662306944444444,NA,NA,NA,NA
14021,47,0.601416216216216,NA,NA,NA,NA
14030,31,0.325104029733959,NA,NA,NA,NA
14031,21,0.137355919339743,NA,NA,NA,NA
14036,22,0.135797839089331,NA,NA,NA,NA
14054,70,0.604454054054054,NA,NA,NA,NA
14062,28,0.182986630980295,NA,NA,NA,NA
14071,74,0.542091901732061,NA,NA,NA,NA
14074,60,0.85143717948718,NA,NA,NA,NA
14076,41,0.405144303797468,NA,NA,NA,NA
14077,59,0.800244444444444,NA,NA,NA,NA
14080,37,0.624465789473684,NA,NA,NA,NA
14082,81,0.624818666666667,NA,NA,NA,NA
14088,25,0.15206709186585,NA,NA,NA,NA
14097,59,0.612633783783784,NA,NA,NA,NA
14098,68,0.611484210526316,1.99265227055648,0.00429015125,620,2439.03780487805
14098,68,0.611484210526316,1.99265227055648,0.00429015125,621,6263.56935817805
14098,68,0.611484210526316,1.99265227055648,0.00429015125,622,3315.90476190476
14106,73,0.533411111111111,1.39437528228211,0.0267381917777778,625,18173.3868823001
14108,64,0.611875756048387,NA,NA,NA,NA
14140,25,0.436752112676056,NA,0.000462882666666667,641,878.679379487874
14153,65,0.661439189189189,NA,NA,NA,NA
14155,51,0.58992676056338,NA,NA,NA,NA
14156,72,0.720228,NA,NA,NA,NA
14162,39,0.282401189189189,NA,NA,NA,NA
14164,70,0.844746052631579,NA,NA,NA,NA
14166,51,0.678874358974359,NA,NA,NA,NA
14168,82,0.68090641025641,NA,NA,NA,NA
14173,62,0.512845539906103,NA,NA,NA,NA
14176,56,0.482392307692308,1.34901741259993,0.00973698057037038,657,1713.65625722878
14184,64,0.735623287671233,NA,NA,NA,NA
14185,68,0.835632467532468,1.05190967376362,0.000632277666666665,659,37707.3562271062
14186,67,0.699909210526316,2.12800379298082,NA,660,3909.10541935484
14188,72,0.79135,1.29479892017473,0.00650976866666667,661,36075.197029703
14189,75,0.625758333333333,2.23386551479965,0.0151439599523809,662,12478.4423686405
14193,71,0.613623025117739,NA,NA,NA,NA
14201,60,0.763450649350649,NA,0.000400929,666,13335.1138022046
14205,80,0.670211594202899,NA,NA,NA,NA
14308,52,0.783698684210526,1.11566727165729,0.002483593,673,13840.0849974398
14308,52,0.783698684210526,1.11566727165729,0.002483593,674,11441.9543123543
14404,56,0.858364102564102,NA,NA,NA,NA
14409,61,0.881135897435898,1.44704631077851,0.00355085413333333,686,60620.1437584935
14409,61,0.881135897435898,1.44704631077851,0.00355085413333333,687,4264.44696969697
14411,77,0.735621333333333,NA,NA,NA,NA
14414,56,0.707908860759494,NA,NA,NA,NA
14417,69,0.654624324324324,NA,NA,NA,NA
14418,76,0.778964,NA,NA,NA,NA
14419,53,0.783202702702703,NA,NA,NA,NA
14421,60,0.591455405405405,NA,NA,NA,NA
14422,73,0.639965753424658,NA,NA,NA,NA
14423,64,0.469284722222222,NA,NA,NA,NA
14432,71,0.684869333333333,NA,NA,NA,NA
14434,60,0.723209210526316,NA,NA,NA,NA
14435,55,0.887859493670886,1.51208748693965,NA,684,145549.380163716
14435,55,0.887859493670886,1.51208748693965,NA,685,11133.1428571429
17004,54,0.592288157894737,NA,NA,700,29949.8526003187
17008,73,0.433558666666667,1.67655976342695,0.0068085,715,75689.609517601
17009,74,0.732253846153846,NA,NA,NA,NA
17009,74,0.732253846153846,NA,NA,NA,NA
17011,66,0.590213157894737,NA,NA,NA,NA
17012,50,0.474728947368421,NA,NA,NA,NA
17013,26,0.399062337662338,1.00710522878811,NA,708,605.270244821092
17016,62,0.666931578947368,1.75264801859121,NA,735,7630.36125158028
17017,81,0.598157534246575,NA,NA,NA,NA
17031,69,0.432319230769231,NA,NA,NA,NA
17032,66,0.592905194805195,1.29596575005838,0.0219050754761905,704,36477.456350793
17033,32,0.69565,NA,0.012004555,698,1614.77542857143
17040,55,0.664869230769231,NA,NA,NA,NA
17046,66,0.611488732394366,2.11046329480272,0.0161881379037037,726,60072.3257279444
17047,48,0.598539189189189,1.58108814492351,NA,731,13256.1299480208
17047,48,0.598539189189189,1.58108814492351,NA,731,13256.1299480208
17052,66,0.725157142857143,1.73700172668841,NA,740,42951.1941471345
17055,43,0.430918309859155,1.40709390276567,0.0125624497142857,747,383.761014948859
17056,35,0.477225,0.954850346125953,0.000267857,750,2770.70085335019
17057,68,0.401590540540541,1.05685968020707,NA,746,4464.02868318123
17058,27,0.423725675675676,1.15703066429676,0.000654109644444444,749,2922.86122377006
17202,55,0.753397435897436,2.00309774625892,0.0019509,705,31544.4847094801
17203,50,0.719518987341772,NA,NA,NA,NA
17209,72,0.723265333333333,NA,NA,NA,NA
17209,72,0.723265333333333,NA,NA,NA,NA
17213,25,0.431279487179487,0.91445856606397,NA,717,2503.07998950957
17213,25,0.431279487179487,0.91445856606397,NA,717,2503.07998950957
17216,66,0.69272602739726,NA,NA,NA,NA
17218,60,0.534366666666667,NA,NA,NA,NA
17218,60,0.534366666666667,NA,NA,NA,NA
17221,41,0.421757333333333,NA,NA,NA,NA
17222,69,0.72861447368421,1.91841502420002,NA,739,58084.4487490665
17301,49,0.36746282051282,NA,NA,NA,NA
17302,46,0.393253947368421,NA,NA,NA,NA
17304,57,0.606859210526316,NA,NA,NA,NA
17305,39,0.459617948717949,0.911758446747963,0.0103665173333333,697,2501.42279666898
17308,57,0.425907792207792,1.55999634113347,NA,714,57702.4793040293
17309,70,0.784401315789474,NA,NA,NA,NA
17312,36,0.414307792207792,NA,NA,NA,NA
17313,33,0.451561333333333,NA,NA,NA,NA
17315,55,0.568013513513513,1.20830442276728,0.00519641722222222,734,6200.51562039493
17316,59,0.641430263157895,NA,NA,NA,NA
17318,54,0.534773333333333,NA,NA,NA,NA
17322,60,0.48595,NA,NA,NA,NA
17351,68,0.333780769230769,NA,NA,NA,NA
17353,54,0.688553246753247,NA,NA,NA,NA
17362,61,0.544686111111111,1.39618910842407,0.00388322198809524,263,4047.87770669291
17367,55,0.604952,NA,NA,NA,NA
17372,63,0.570114666666667,NA,NA,NA,NA
17372,63,0.570114666666667,NA,NA,NA,NA
17372,63,0.570114666666667,NA,NA,NA,NA
18003,70,0.891376923076923,1.99187087165665,0.00105509170238095,757,1329.45888594164
18008,78,0.892887130801688,NA,NA,NA,NA
18009,83,0.9114175,1.75945737235635,NA,759,8029.68928883889
18012,84,0.91186625,1.8358642580061,0.000756666333333333,756,2159.56964017991
18102,72,0.898197435897436,2.04582943055429,0.00151564145634921,753,4553.73161699877
18102,72,0.898197435897436,2.04582943055429,0.00151564145634921,755,1856.62830687831
21002,60,0.772752631578948,NA,NA,NA,NA
21003,80,0.73488567084519,2.00349529577441,NA,770,23.4165502251203
21105,66,0.745935927887902,1.81635771732863,0.00241224288888889,766,25.2516311056251
21108,69,0.783040809761953,NA,NA,NA,NA
21109,70,0.754699387630128,NA,NA,NA,NA
25001,62,0.751579411764706,2.1408445436828,NA,777,428.117140195622
25002,39,0.566004793756968,NA,NA,783,10.009009009009
25003,54,0.586223214285714,NA,0.000991902333333336,780,329.077286356822
25004,60,0.757352941176471,NA,0.00550729566666666,788,95.3493404118404
25005,53,0.737495454545455,NA,NA,785,58.665613147914
25006,51,0.793276923076923,2.35565377190616,0.0017106916,778,112.765139263252
25009,54,0.581849879849477,NA,0.000758407666666667,794,5.78666666666667
25014,46,0.680370588235294,NA,0.00188803766666667,798,39.2265567765568
25015,51,0.702679750145688,NA,0.00229630378571429,792,8.94512694512695
25017,38,0.68369552238806,NA,NA,818,29.8522935779817
25018,44,0.668117411347518,2.31170375652838,0.00450330433333334,791,26.9849303849304
25020,48,0.6803375,NA,NA,NA,NA
25021,46,0.699760869565217,NA,NA,NA,NA
25022,42,0.686756716417911,NA,NA,NA,NA
25023,47,0.707172727272727,NA,NA,NA,NA
25024,45,0.718368656716418,2.15052110287433,NA,820,70.1928002769124
25025,39,0.66778523222061,1.90335211878516,NA,804,10.9942010309278
25026,33,0.670315151515151,NA,NA,NA,NA
25027,42,0.662140909090909,NA,NA,817,29.7509803921569
25028,33,0.558494658910629,NA,NA,NA,NA
25031,43,0.651263520385305,NA,NA,NA,NA
25037,53,0.723551470588235,NA,NA,NA,NA
25052,55,0.661859885189437,NA,NA,NA,NA
25053,49,0.711920289855072,NA,NA,NA,NA
25062,56,0.616647668486484,1.96242966438464,0.000408560333333333,790,37.3250972317547
25063,51,0.711819696969697,NA,NA,NA,NA
25066,45,0.712276470588235,NA,NA,NA,NA
25067,37,0.687740326340326,NA,NA,NA,NA
25071,38,0.684377611940298,NA,NA,819,20.7757297748123
25073,43,0.691581538461539,NA,NA,NA,NA
25074,31,0.681561345338983,NA,NA,NA,NA
25081,25,0.728738805970149,1.86095803649444,0.00304213337037037,828,0.791569632044714
25084,55,0.725051782531194,NA,NA,NA,NA
25086,37,0.658177611940299,NA,0.00202262946031746,826,8.02577319587629
25087,27,0.578792619886092,NA,NA,NA,NA
25113,46,0.705950746268657,2.09569144187403,NA,796,41.7250470809793
25129,39,0.671662121212121,NA,NA,NA,NA
25132,31,0.579519902410299,1.88162945546315,0.00203223833333333,827,2.61081030619866
25135,28,0.475928428767417,NA,NA,NA,NA
25172,42,0.707810769230769,NA,NA,NA,NA
25175,27,0.622288372093023,NA,NA,NA,NA
25180,23,0.384440656486541,NA,NA,NA,NA
27001,51,0.665593769878499,1.87871750670561,0.001962431,872,7.52329644729179
27007,54,0.746611111111111,2.17632941555293,NA,867,74.7316169987656
27009,68,0.783197183098592,NA,NA,NA,NA
27010,65,0.772962686567164,2.16114460135054,0.001509944,868,261.074775672981
27014,54,0.769404347826087,NA,NA,NA,NA
27015,63,0.805460294117647,NA,NA,NA,NA
27020,63,0.802864705882353,NA,NA,NA,NA
27021,57,0.754976056338028,2.2413261903352,NA,869,23.794266994267
27027,76,0.786498611111111,2.36542886508766,NA,836,1946.67601087326
27031,59,0.808080281690141,NA,NA,NA,NA
27032,66,0.76459014084507,2.23172441134051,0.00191233044444444,844,284.020807617704
27032,66,0.76459014084507,2.23172441134051,0.00191233044444444,844,284.020807617704
27033,60,0.76252,2.39912941230495,NA,861,269.972249034749
27036,70,0.815945945945946,2.10309344723916,0.001472307,843,1667.45462885738
27041,69,0.852316176470588,NA,NA,NA,NA
27044,65,0.755194285714286,2.32971070129061,0.0012827206031746,847,261.321428571429
27045,70,0.797952112676056,2.15324013723387,0.000379971,846,119.560271146478
27046,62,0.808975714285714,2.22012992973766,NA,849,400.364838652795
27047,64,0.788536231884058,2.16352650117771,NA,839,191.003252710592
27048,66,0.795021739130435,2.329793833734,0.000966653933333334,850,269.14953271028
27050,65,0.780060294117647,2.20371577931955,NA,859,153.546343735445
27051,62,0.767094366197183,2.32303428409416,0.0023536254047619,852,196.271908271908
27054,59,0.758147826086957,2.05020101066519,NA,855,127.877886056972
27057,62,0.795640298507463,2.11064318345823,0.00173736088888889,874,196.765409097966
27111,57,0.770039705882353,2.08010888718353,NA,858,48.5790701415701
27123,67,0.801540277777778,2.15814298274604,0.000953558751322751,841,342.885281385281
27123,67,0.801540277777778,2.15814298274604,0.000953558751322751,842,239.618181818182
27123,67,0.801540277777778,2.15814298274604,0.000953558751322751,845,1480.17268110131
33002,66,0.868269662921348,NA,NA,NA,NA
33013,60,0.52033734939759,NA,NA,NA,NA
33013,60,0.52033734939759,NA,NA,NA,NA
33014,58,0.566879268292683,NA,0.000141232333333333,879,35900.7501562305
33020,36,0.379190361445783,1.30991704119894,NA,881,3819.86033264981
33020,36,0.379190361445783,1.30991704119894,NA,881,3819.86033264981
33021,39,0.580685185185185,NA,NA,NA,NA
33025,78,0.511413157894737,0.278936656851044,NA,884,39588.8285014006
33027,39,0.65149012345679,NA,NA,NA,NA
33029,86,0.900189655172414,NA,NA,NA,NA
33111,69,0.753906329113924,1.85422764128557,0.00123091994444444,886,8797.37494553377
33128,45,0.734134939759036,1.76170889156165,NA,889,2628.0173728284
33208,60,0.78570487804878,0.911239165151354,0.0058677131037037,892,9005.67907234252
33209,42,0.645321686746988,NA,NA,NA,NA
33212,56,0.7363575,NA,NA,894,37579.6689484906
33217,60,0.38821975308642,NA,NA,NA,NA
33218,77,0.526162025316456,1.505345308075,NA,897,17515.9197419355
33219,40,0.474592592592592,NA,NA,NA,NA
33220,25,0.391223684210526,1.00532343173602,0.00356570699999999,898,1637.08373458602
33220,25,0.391223684210526,1.00532343173602,0.00356570699999999,898,1637.08373458602
33222,52,0.77433417721519,1.98779414359254,NA,900,1010.86255217651
34014,59,0.766078205128205,NA,0.0036531755,909,242.880847660936
34025,64,0.885037662337662,NA,NA,NA,NA
34038,64,0.900437662337662,NA,NA,NA,NA
34044,58,0.836996103896104,NA,NA,NA,NA
34051,65,0.823980263157895,NA,NA,NA,NA
34060,68,0.815686486486487,NA,0.00406792833333333,917,249.786469650876
34061,72,0.795128767123288,NA,0.001333921,920,907.696320447136
34063,76,0.793864383561644,NA,0.004273766,923,296.680672268908
34063,76,0.793864383561644,NA,0.004273766,923,296.680672268908
34065,60,0.862097530864198,NA,NA,NA,NA
34080,76,0.775818181818182,NA,0.00871581599999999,921,1201.47347480106
35016,58,0.793922077922078,NA,NA,NA,NA
35022,62,0.860566233766234,NA,NA,NA,NA
35023,77,0.857615277777778,1.25124367223687,0.00199297233333333,943,809.406864988558
35035,73,0.83616447368421,NA,4.02659999999999e-05,957,231.458693941778
35037,80,0.840529333333333,NA,NA,959,1112.44737216921
35038,83,0.81735205479452,NA,0.00213445066666666,961,692.638748419722
35039,80,0.807168918918919,NA,NA,NA,NA
35101,55,0.810807042253521,2.20933145865878,0.00200965366666667,298,465.114845938375
35117,54,0.788427272727273,NA,NA,NA,NA
35302,66,0.826892753623188,NA,NA,NA,NA
35303,71,0.816609210526316,NA,NA,NA,NA
35306,59,0.801108974358974,NA,NA,NA,NA
35308,58,0.750244155844156,NA,NA,NA,NA
35309,77,0.857317105263158,NA,NA,NA,NA
35312,74,0.807589333333333,NA,NA,NA,NA
35313,71,0.8409,NA,NA,NA,NA
35314,70,0.841472,NA,NA,NA,NA
35315,74,0.832019736842105,NA,NA,NA,NA
35316,63,0.797831578947368,NA,NA,NA,NA
36016,54,0.871769620253165,NA,NA,NA,NA
36028,55,0.861694736842105,NA,NA,NA,NA
36028,55,0.861694736842105,NA,NA,NA,NA
36028,55,0.861694736842105,NA,NA,NA,NA
38010,52,0.528690277777778,NA,NA,NA,NA
38013,68,0.771340789473684,NA,0.0018923159047619,78,229.632516129032
38014,65,0.775676315789474,NA,NA,NA,NA
38015,69,0.754798717948718,NA,NA,NA,NA
38016,69,0.68556301369863,NA,NA,79,1140.28139939157
38017,54,0.742909333333333,1.50658686743925,0.00114843,1006,200.896358543417
38019,60,0.662601333333333,NA,NA,1001,182.061776061776
38021,67,0.618706578947368,NA,NA,NA,NA
38027,69,0.785421052631579,NA,NA,NA,NA
38030,61,0.727192207792208,NA,NA,NA,NA
38035,40,0.539364473684211,1.04102966045764,1.7523e-05,994,1218.51932021467
38302,59,0.740767567567568,NA,NA,NA,NA
38303,60,0.758092207792208,NA,NA,NA,NA
38304,59,0.602918918918919,NA,NA,NA,NA
38305,53,0.61818,NA,NA,NA,NA
38307,39,0.674555263157895,NA,NA,NA,NA
38310,70,0.773632432432432,NA,NA,NA,NA
38312,52,0.64707972972973,NA,NA,NA,NA
38313,49,0.551143243243243,0.971800166393634,0.00139955695238095,294,179.165942728443
38315,26,0.481461333333333,NA,NA,NA,NA
38318,77,0.737558666666667,NA,NA,NA,NA
38323,36,0.483770512820513,NA,NA,NA,NA
39001,78,0.843481081081081,1.45024516808916,NA,1060,8809.42193494579
39003,64,0.805844444444444,NA,NA,NA,NA
39006,62,0.783487837837838,NA,NA,NA,NA
39009,68,0.84472602739726,1.45371021436393,0.00133052,1058,1543.58707256047
39010,70,0.845102702702703,NA,NA,NA,NA
39021,67,0.824094594594595,1.43403836262148,NA,1054,269.058380414313
39025,78,0.817488157894737,NA,NA,NA,NA
39026,73,0.777986486486486,NA,NA,NA,NA
39028,76,0.806213698630137,1.83293512850053,0.00265548623809524,1055,516.013432364096
39036,77,0.814992753623188,NA,NA,1040,717.125149940024
39044,69,0.785232467532467,1.63924047758062,NA,1025,789.196433834365
39107,72,0.787689855072464,NA,NA,NA,NA
42015,55,0.643934421985302,2.1986015764365,0.0196794304126984,1089,11.4032527105922
42016,61,0.789920588235294,2.09898047177247,0.000974466857142856,1079,98.4388206388206
42023,60,0.788249253731343,NA,NA,NA,NA
42027,65,0.82850447761194,2.28029537808311,NA,1066,75.5225856697819
42059,64,0.796401388888889,NA,NA,NA,NA
42062,59,0.815630434782609,NA,NA,NA,NA
42101,37,0.549226865213688,1.85192065335858,NA,1095,6.87642225031606
42119,64,0.800085294117647,2.22246429617231,0.00119154633333333,163,418.211769991015
42128,52,0.797794366197183,2.37158093125161,0.000752278333333333,1063,70.5371365360303
42137,62,0.810894117647059,1.9480027203066,NA,1068,99.3123688155922
42221,62,0.793073913043479,2.19690210118913,0.00479999586666667,1069,605.15989010989
44001,59,0.824276853780699,2.50313480540999,NA,1137,459.358769379845
44003,76,0.816153947328919,2.47369882776071,NA,1135,2661.74082934609
44004,53,0.807801822985316,2.14076253999426,0.00632142560000001,1136,39.9888991674376
44004,53,0.807801822985316,2.14076253999426,0.00632142560000001,1138,91.4556628621598
44006,76,0.864906097560976,2.2092780171149,0.00279672233333333,1121,2346.42466896048
44007,80,0.878775581395349,2.23709762169439,0.000366127,1127,20542.7555010893
44010,83,0.886862195121951,NA,NA,NA,NA
44012,77,0.8963,NA,NA,NA,NA
44013,80,0.90057125,NA,NA,NA,NA
44019,85,0.899080487804878,2.38470979795289,0.000419901666666667,1120,1283.9474806419
44026,81,0.860603658536585,NA,NA,NA,NA
44031,81,0.876787951807229,2.20880880245926,0.00122442133333333,1119,16949.165292815
44032,78,0.885842682926829,2.2741231872722,0.001211973,1116,2546.05160628845
44033,76,0.893247058823529,2.23663665923737,0.000191036999999999,1117,1330.64544920728
44035,67,0.853662195121951,2.30044186829001,0.00134984403571429,1110,1998.80111876935
44041,67,0.862120930232558,2.37354840378825,0.0021823465,1109,1016.52533587221
44050,62,0.858181395348837,2.13394548138395,0.00139974433333333,1107,2225.96027525805
44051,81,0.865512048192771,2.30893042338959,NA,1102,564.705741626794
44056,71,0.862568965517241,NA,NA,NA,NA
44060,79,0.893418604651163,2.05041102203181,NA,1096,4405.91851851852
44117,74,0.723987558279886,2.4260531397669,0.000192529666666667,1130,303.80728126835
44120,84,0.902643209876543,NA,NA,NA,NA
46003,83,0.86084358974359,1.62135109123611,0.000771083111111111,1140,846.013433075933
46004,67,0.866197402597402,NA,NA,NA,NA
46005,68,0.866863636363636,NA,NA,NA,NA
46007,77,0.807057333333333,NA,NA,NA,NA
46008,74,0.809117105263158,NA,NA,NA,NA
46009,72,0.80120253164557,NA,NA,NA,NA
46009,72,0.80120253164557,NA,NA,NA,NA
46011,76,0.787812162162162,NA,NA,NA,NA
46012,50,0.783641333333333,1.96200542286136,NA,1165,250.283343868521
46016,65,0.792896103896104,NA,NA,NA,NA
46017,68,0.801992105263158,NA,NA,NA,NA
46019,60,0.758367532467532,2.25402550072058,NA,1166,2264.63950524738
46020,74,0.74925,2.25464868353907,NA,1167,820.965956830364
46022,61,0.765350486486486,2.24344321716574,0.00472394442222222,1168,621.515479115479
46024,69,0.750725661846056,2.19330210050259,NA,1169,246.403324348607
46027,70,0.66239547911702,NA,NA,NA,NA
46028,64,0.791822666666667,2.232234695065,0.00249882231746032,1170,63.4977879481312
46029,68,0.74501438359412,NA,NA,NA,NA
46030,70,0.819366216216216,2.26763649531256,NA,1146,186.110344827586
46031,74,0.818293243243243,NA,NA,NA,NA
46032,70,0.79055641025641,2.20903591425205,0.001612937,1147,1109.76098431921
46033,71,0.777051351351351,2.22789480327207,NA,1148,1781.19114086312
46036,64,0.707049808219178,1.67471073284863,0.00186069777777778,1150,42.3429975429975
46037,72,0.682087571374191,1.75911188610684,NA,1171,4.84057971014493
46037,72,0.682087571374191,1.75911188610684,NA,1172,25.2712043731264
46041,67,0.613760751136099,1.95651582949149,NA,1153,3.62577030812325
46042,76,0.595818003273978,NA,NA,NA,NA
46043,70,0.616256221917406,NA,NA,NA,NA
46044,66,0.747627297297297,1.99046788574912,NA,1174,12.1976584022039
46046,64,0.728989830569575,2.22852667949608,0.00279723698809524,1176,25.5275900900901
46047,69,0.686698022637085,1.9004891455819,0.00566099318518519,1177,8.14470969643383
46048,68,0.74596632815735,NA,NA,NA,NA
46053,83,0.864893506493506,1.51572263574632,NA,1180,11488.1531484258
46054,73,0.865007792207792,1.16390102910516,NA,1181,3850.43849303849
46055,78,0.864797402597403,1.48560877798705,0.000424129555555555,1182,6021.31721611722
46102,76,0.861676315789474,1.50342574210957,0.000755638111111111,1183,8915.9591554171
46112,75,0.809319736842105,NA,NA,NA,NA
46121,64,0.667919168119552,2.26022758980782,NA,1154,240.663872069554
46123,74,0.697542435649935,2.18705454114401,0.000926841333333334,1184,137.909129753596
46150,71,0.733920493535549,1.82458820529083,0.00271063853968254,1185,16.0454614797864
47001,52,0.55116602861441,2.5163249965736,0.00318177933333333,1206,248.934900419997
47011,59,0.852063157894737,NA,NA,NA,NA
47014,71,0.89890641025641,2.21089776639225,NA,1202,2599.1050257732
47014,71,0.89890641025641,2.21089776639225,NA,1203,1222.61609195402
47015,79,0.898688607594937,2.34444226192998,0.0031294178,1195,1595.61569416499
47015,79,0.898688607594937,2.34444226192998,0.0031294178,1196,1592.81490196078
47018,79,0.9125225,NA,NA,NA,NA
47019,85,0.90744375,2.06187852915348,NA,1193,7742.28691460055
47021,83,0.91355125,NA,NA,NA,NA
47022,81,0.909944444444444,2.09023818656055,NA,1201,10582.0863219997
47102,60,0.572793539007911,1.72079913766473,0.00689102000000001,1207,331.885742574257
47112,73,0.90601975308642,2.27910061597929,NA,1198,900.713349068975
49004,74,0.805643398462671,NA,NA,NA,NA
49012,85,0.795178142037947,1.83378176183321,0.000612307777777777,1219,285.605655930872
49015,73,0.901552286585366,NA,NA,NA,NA
49017,83,0.7844125,2.40709964106959,0.00113702333333334,1222,550.827694389764
49018,74,0.780026315789474,2.32586884502664,0.00154322422222222,1223,348.506298449612
49021,75,0.741175625823452,1.95669741675144,0.000457136222222223,1226,39.2268907563025
49024,73,0.810988389089161,1.52896812633806,0.00123987333333333,1229,191.352205192368
49035,73,0.834016666666667,2.10053743054707,0.00403772015555556,1235,185.969465648855
49036,72,0.83149875,NA,NA,NA,NA
49037,86,0.814503441358025,2.15701076982028,NA,1236,372.788888888889
49038,75,0.830478205128205,2.3202243944763,0.00142932342592593,1237,248.189430416911
49045,88,0.87634,2.3366839158232,0.000877627666666667,1241,719.833830845771
49048,84,0.873801204819277,2.37949613793409,0.00227122398518519,1244,2074.43548387097
49070,81,0.737376581985023,1.77849091358064,0.0189868128888889,1257,266.229079365079
49131,81,0.863136144578313,NA,NA,NA,NA
49165,71,0.798581481481481,NA,NA,NA,NA
49166,63,0.720185897435897,NA,NA,NA,NA
50001,75,0.889588888888889,NA,0.000411637333333333,1322,2699.2281003937
50009,70,0.817512048192771,NA,NA,1306,66.8010131712259
50027,74,0.833259302325581,NA,0.00322979644444444,1295,52.3685602454247
50032,55,0.804951325168634,2.02906514781992,0.000539265333333333,1285,1923.25480769231
50033,66,0.879506741573034,NA,NA,NA,NA
50034,75,0.757231150058728,NA,NA,NA,NA
50035,79,0.896727710843374,1.70459840048843,0.000423443666666667,1291,16.5898286346048
50037,68,0.907108235294118,2.10152162560897,0.00104084433333333,1288,79.4940434883183
50042,75,0.848067611706297,NA,0.00148685216666667,1283,231.854961832061
50047,83,0.779312093023256,1.69072773937764,0.00102490166666667,1275,273.701834451902
50048,49,0.818885197282467,NA,NA,NA,NA
50054,53,0.83182,NA,NA,NA,NA
50059,53,0.86299,NA,NA,NA,NA
50067,81,0.917253012048193,NA,NA,NA,NA
50068,103,0.924583720930233,NA,NA,NA,NA
50072,65,0.838464193304224,1.57501566959081,0.000598703511904762,1325,375.13503649635
50073,82,0.877341463414634,2.08124501390349,NA,1284,46.6044223327805
50076,44,0.911796385542169,NA,NA,NA,NA
51009,59,0.810492647058824,2.18767238725177,NA,1347,53.9190618938459
51010,57,0.820598571428571,2.14005178240274,0.000645886888888889,1344,654.013153340256
51030,50,0.77445,1.70162496006898,0.00450789779761905,1354,104.644677661169
51101,51,0.8232,2.21572494629073,0.00273940966666667,1351,277.6
51101,51,0.8232,2.21572494629073,0.00273940966666667,1351,277.6
51113,58,0.812528169014085,2.28534021654085,NA,1337,517.464174454829
51119,58,0.752663782696177,1.97268787072136,0.00340608766666667,1353,75.1067977067977
51229,52,0.640178322829247,NA,NA,NA,NA
52001,64,0.75556231884058,NA,NA,NA,NA
52002,75,0.807027536231884,NA,NA,NA,NA
52008,72,0.846049315068493,1.19452163572036,0.000521561911111111,1380,540.38280457772
52010,67,0.853516,1.61224505282503,0.00443097333333333,1384,840.320954907162
52011,64,0.849186111111111,1.28226961020842,0.000499875555555555,1376,1730.8347826087
52014,67,0.800186666666667,NA,NA,NA,NA
52016,64,0.801722666666667,NA,NA,NA,NA
52019,80,0.872052631578947,NA,NA,NA,NA
52021,75,0.830975342465753,1.63134660430118,0.000945745111111111,1371,646.594479412536
52052,70,0.82777027027027,1.61245173653717,0.000221733666666667,1385,992.402288329519
52053,65,0.830616666666667,1.32162682175759,NA,1388,1473.78781585324
52054,56,0.816822972972973,NA,NA,NA,NA
52062,74,0.84075,1.73610927853313,0.00115306982142857,1372,324.04601029601
52067,65,0.801292207792208,NA,NA,NA,NA
52109,66,0.855186111111111,1.53594169308508,0.000745756222222223,1377,2267.00063211125
52131,68,0.825668831168831,NA,NA,NA,NA
52317,76,0.866451351351351,NA,NA,NA,NA
53002,80,0.785395505617977,NA,NA,NA,NA
53002,80,0.785395505617977,NA,NA,NA,NA
53003,60,0.761956818181818,1.63616937444875,0.002210327,1393,4676.76776090152
53005,33,0.479886516853933,NA,0.0039524842037037,1391,2597.18684480987
53006,31,0.434518823529412,NA,NA,NA,NA
53008,50,0.523449438202247,NA,NA,NA,NA
53009,37,0.463910344827586,NA,NA,NA,NA
53011,35,0.521960465116279,1.0770421001933,0.00203169528888889,1398,4448.86221075546
53012,49,0.68303908045977,NA,0.00102912907407407,1395,2991.95534429599
53014,63,0.742859090909091,1.59439294313811,NA,1400,8169.00676255904
53018,53,0.607692941176471,NA,NA,1401,3309.97548125633
53019,30,0.457096666666667,1.17323007719559,NA,1399,1015.38972250771
53023,43,0.467588372093023,NA,NA,1405,548.395798783858
53024,46,0.538033707865169,0.509674851768408,NA,1407,1279.79680120223
53026,63,0.760017647058824,1.10359575267037,0.00192534680952381,1418,23936.5014148622
53027,62,0.742857647058824,NA,0.00297496755952381,1415,9808.75289884046
53028,49,0.626121428571429,NA,NA,NA,NA
53032,30,0.363748780487805,0.327314044131872,0.000923594666666668,1414,1328.32772808587
53033,53,0.42921686746988,1.30289280929094,NA,1419,1342.52476279846
53034,43,0.402411904761905,NA,0.00130088111515151,1417,1356.38974358974
53036,64,0.770030952380953,NA,NA,NA,NA
53036,64,0.770030952380953,NA,NA,NA,NA
53040,72,0.553468604651163,1.73801827811803,0.003260798,1426,8549.2803030303
53041,53,0.546286746987952,1.7121342200415,NA,1428,2725.05013774105
53044,41,0.411473255813954,0.940800641580632,NA,1425,1536.92721363144
53045,36,0.456479761904762,0.938311832160506,NA,1430,677.215410280471
53064,92,0.80161511627907,NA,NA,NA,NA
53064,92,0.80161511627907,NA,NA,NA,NA
53075,53,0.86795465116279,NA,NA,NA,NA
53086,60,0.773308536585366,NA,NA,NA,NA
53087,65,0.675436144578313,NA,NA,NA,NA
53101,61,0.88453908045977,NA,NA,NA,NA
53138,56,0.611951807228916,NA,NA,NA,NA
53176,45,0.76504578313253,0.921048780063248,NA,335,57868.7736531506
54027,47,0.64138717948718,NA,0.000328693333333333,1445,388.350048449612
54028,53,0.64734625,1.37398903584188,NA,1436,655.595425571804
54031,48,0.61625,NA,0.00158535031746032,1437,585.635537190083
54033,32,0.406886842105263,0.958214953082071,NA,1462,1487.32475274353
54037,55,0.574279746835443,NA,0.000806657666666665,1453,170.089026162791
54040,48,0.471922784810127,1.14802716026688,NA,1450,3522.916227135
54042,35,0.561322368421053,0.211409396636786,0.000363310611111111,1446,217.476982707215
55007,30,0.246767579908676,0.655657870841055,NA,1478,1357.60840600775
55009,41,0.26446,0.214156386009491,0.00265919687037037,1479,15233.6668571429
55011,31,0.372313333333333,0.984290247705126,NA,1480,7669.13023363405
55019,62,0.607528293650794,NA,NA,NA,NA
55028,21,0.284321621621622,0.178530949224672,NA,1487,6920.82820205251
55028,21,0.284321621621622,0.178530949224672,NA,1487,6920.82820205251
55045,24,0.208742122351333,NA,NA,NA,NA
55114,45,0.185756061776062,NA,NA,NA,NA
58001,68,0.91115,2.27389031090464,0.0004216604,1504,4186.87383318278
58001,68,0.91115,2.27389031090464,0.0004216604,1505,3744.8399822695
58003,73,0.918356962025316,2.26063097328007,0.000403106999999999,1507,6042.5
58004,80,0.857514084925076,NA,NA,NA,NA
58007,76,0.913315384615385,2.37688065134427,0.00028238,1499,2212.33261564961
58007,76,0.913315384615385,2.37688065134427,0.00028238,1499,2212.33261564961
58008,74,0.897560256410256,2.31626733376003,NA,1502,2670.73047950167
58009,76,0.913855952380952,2.25937299017186,NA,1498,2388.2984496124
58010,72,0.901374358974359,2.30512437236152,0.000501905822222222,1497,2287.6257967754
58012,76,0.900241463414634,2.27175748592706,0.00136915265454545,1495,7908.41031604055
58013,72,0.9187975,2.17056447900193,NA,1503,6430.39728192162
58014,80,0.917507792207792,NA,NA,NA,NA
58017,86,0.885382716049383,2.02232904162608,NA,1492,11329.2600970365
58018,81,0.890196341463415,2.08039462044295,0.000498900666666666,1494,14655.7480337728
58019,88,0.875879268292683,NA,NA,NA,NA
58020,70,0.87805487804878,NA,NA,NA,NA
58021,78,0.867404705882353,NA,NA,NA,NA
58102,72,0.849002706021811,NA,NA,NA,NA
58116,67,0.89695875,1.97319343476285,0.0010777672,1493,27977.7038341688
59003,61,0.763244839925366,2.47711788719634,0.00661001945238095,1531,104.346661335466
59010,69,0.829853246753247,2.1795004171378,0.00155811740740741,1516,1441.23921568627
59018,62,0.835316883116883,NA,NA,NA,NA
59020,62,0.851224675324675,2.10625225782392,NA,1511,329.977124183007
59020,62,0.851224675324675,2.10625225782392,NA,1512,383.946953963309
59020,62,0.851224675324675,2.10625225782392,NA,1511,329.977124183007
59020,62,0.851224675324675,2.10625225782392,NA,1512,383.946953963309
59021,85,0.923092405063291,2.07866131445419,0.00347647633333333,1508,3433.16907936508
59022,70,0.833472,NA,0.003454161,1510,1716.26074380165
59025,67,0.657909027373953,2.29731571164485,0.00113590602777778,1517,403.22934595525
59025,67,0.657909027373953,2.29731571164485,0.00113590602777778,1519,52.6451219512195
59029,55,0.764256198371319,2.22060519700052,NA,1528,30.1856794472294
59104,63,0.759009008097166,2.20223614368765,NA,1526,150.398773823804
59107,69,0.814249333333333,2.19903611789015,NA,1529,22.549935483871
59132,51,0.750020011098684,2.22363802554636,NA,326,30.6403870967742
60004,80,0.51135,1.20665339126104,0.0112262236190476,1539,24372.726640591
60005,37,0.372821917808219,0.459538974254911,NA,1536,14225.269079465
60009,58,0.3301625,NA,NA,1546,14947.6562039493
60010,71,0.475305797101449,NA,0.00449971786904762,1545,4530.31686656672
60010,71,0.475305797101449,NA,0.00449971786904762,1545,4530.31686656672
60013,52,0.288787671232877,1.17779898596015,NA,1547,1912.75774336283
60013,52,0.288787671232877,1.17779898596015,NA,1547,1912.75774336283
60017,46,0.309312676056338,0.804877642251426,NA,1551,147.058974358974
60018,33,0.337371830985915,0.571457234358123,NA,1552,873.173185571491
60019,46,0.357669565217391,1.26752932463558,NA,1557,2100.8059970015
60019,46,0.357669565217391,1.26752932463558,NA,1557,2100.8059970015
60020,50,0.308597058823529,NA,0.00281014374603175,1554,40672.0398166023
60022,64,0.367557746478873,NA,NA,1558,22614.8851574213
60023,38,0.276827941176471,0.229557154659006,0.00152586010909091,1561,1688.85858989737
60024,28,0.32069,NA,NA,NA,NA
60025,47,0.196544117647059,0.16612628496104,NA,1569,1658.85148247978
60027,43,0.269354285714286,0.435169797576051,NA,1567,779.648767981769
60028,62,0.449765753424657,0.440489912173651,NA,1563,31472.2972367438
60029,25,0.290216176470588,0.386988109450248,0.00134073019259259,1565,5698.03685137515
60031,42,0.295354411764706,0.409827697671204,0.000566396666666667,1570,962.353972153972
60051,25,0.303871884384384,NA,NA,NA,NA
60051,25,0.303871884384384,NA,NA,NA,NA
60056,29,0.347805555555555,NA,NA,NA,NA
60057,62,0.306851351351351,NA,NA,NA,NA
60057,62,0.306851351351351,NA,NA,NA,NA
60059,59,0.408861643835616,1.28544880661877,0.004002854,1540,41401.6940581542
60060,89,0.519666176470588,NA,0.0126327878148148,1542,11970.8944954128
60065,50,0.335640579710145,NA,NA,NA,NA
60067,35,0.317011111111111,NA,NA,NA,NA
60069,73,0.493609722222222,0.674669911282716,0.00539818099999999,1559,36407.1294304355
60070,63,0.23976231884058,NA,NA,NA,NA
60071,56,0.260605633802817,NA,NA,1556,306.812979863827
60073,38,0.314827536231884,NA,NA,NA,NA
60074,27,0.347354411764706,0.912120847919589,0.000777453888888889,1555,952.797315664288
60075,64,0.211238571428571,NA,NA,NA,NA
60075,64,0.211238571428571,NA,NA,NA,NA
60076,73,0.30039,1.16449573414626,NA,1562,49828.0252747253
60076,73,0.30039,1.16449573414626,NA,1562,49828.0252747253
60078,68,0.303077941176471,NA,NA,NA,NA
60078,68,0.303077941176471,NA,NA,NA,NA
60079,49,0.282256716417911,NA,NA,NA,NA
60080,32,0.386451470588235,0.929463835660793,NA,1564,626.07583947584
60081,44,0.193039705882353,NA,NA,NA,NA
60082,42,0.173014705882353,NA,NA,NA,NA
60107,67,0.386094520547945,NA,NA,NA,NA
60107,67,0.386094520547945,NA,NA,NA,NA
60111,58,0.364044444444444,0.853652610647255,NA,1541,9912.75184702303
60112,41,0.360791304347826,0.816913330761825,0.001492837,1543,956.03781512605
60115,36,0.2922875,NA,NA,NA,NA
60155,37,0.46653698630137,NA,0.000603749999999999,1534,791.115665269368
60155,37,0.46653698630137,NA,0.000603749999999999,1534,791.115665269368
60164,55,0.293348611111111,0.70250856551579,0.000569608666666667,387,14635.0188490409
60201,50,0.332321428571429,NA,NA,NA,NA
61001,50,0.653067615120071,2.4731603078622,0.003044471,1664,43.6240573152338
61001,50,0.653067615120071,2.4731603078622,0.003044471,1665,57.3447115384615
61009,69,0.906089873417721,2.40138850847837,0.000683690333333334,1655,1167.26140350877
61009,69,0.906089873417721,2.40138850847837,0.000683690333333334,1656,2314.16551724138
61016,68,0.90553375,2.2602840057406,0.00110557596363636,1635,20510.3257092863
61019,71,0.90062962962963,2.24585485325735,0.00125774492857143,1634,290.84864391951
61022,80,0.89633164556962,2.14011738059799,0.000639312785185186,1631,14361.2220566319
61025,65,0.894003846153846,2.24443272195997,NA,1621,6416.77329032258
61029,77,0.903694936708861,2.23952825516758,0.00126157733333333,1629,5640.66056971514
61030,77,0.891278205128205,2.16915264796311,NA,1633,3034.36444926162
61031,80,0.902017948717949,NA,NA,NA,NA
61034,76,0.90556875,NA,NA,NA,NA
61038,76,0.889365,NA,NA,NA,NA
61042,75,0.824229268292683,NA,NA,NA,NA
61045,83,0.88203875,2.06411050963988,NA,1637,2640.90564437984
61046,81,0.870445569620253,2.05859321810872,NA,1639,5610.05554802872
61049,82,0.846918987341772,2.23201052858512,0.000716118888888889,1632,5845.57711670481
61051,66,0.827011111111111,2.17173413922181,0.00202771115555556,1620,8133.9544516129
61054,58,0.806523158215518,2.23398131835222,0.00427096933333333,1608,494.227956989247
61054,58,0.806523158215518,2.23398131835222,0.00427096933333333,1609,10.5714285714286
61054,58,0.806523158215518,2.23398131835222,0.00427096933333333,1610,128.909543193125
61054,58,0.806523158215518,2.23398131835222,0.00427096933333333,1611,26.8747126436782
61056,78,0.89745,1.66603042948589,NA,1640,2275.88456848666
61057,66,0.882978205128205,2.12242184637697,0.00154146122222222,1625,3354.34715475364
61059,80,0.89795,2.02092871707025,NA,1644,4906.972
61060,78,0.881726582278481,1.99470430051709,0.00125245244444445,1636,3714.87537569772
61065,67,0.714580327868852,1.96297301216963,NA,1597,109.932558139535
61069,65,0.833747222222222,2.13244885143231,0.00128343505952381,1598,58.4656488549618
61073,74,0.89814512195122,1.94352589794094,0.000722908392592593,1593,3994.35032295948
61075,75,0.9013725,2.2388462013084,0.000780019095238095,1596,1858.75638709677
61089,70,0.894614285714286,2.26560937158012,NA,1602,3077.05819327731
61093,69,0.888742682926829,2.0313817692148,NA,1592,5854.54053897756
61097,77,0.8957875,1.32855781274127,NA,1581,3932.36981796829
61100,67,0.892518518518519,1.89464859303238,0.00110911619047619,1578,1983.9935483871
61107,75,0.87253950617284,NA,NA,NA,NA
61109,74,0.857080487804878,NA,NA,NA,NA
61111,62,0.900810256410256,1.77749615862558,NA,1648,5120.21148459384
61121,72,0.914687341772152,1.60666436737294,0.000904079400000001,1645,10402.6926325247
61123,83,0.90304625,NA,NA,NA,NA
61199,76,0.897275903614458,1.64920435577886,0.0007495038,1576,1219.07199060482
61207,67,0.858606477910275,1.90062841142298,0.000430606888888889,1661,1460.87168262654
61207,67,0.858606477910275,1.90062841142298,0.000430606888888889,1662,251.761344537815
63002,66,0.666710002644103,NA,NA,NA,NA
63003,52,0.683724027907838,NA,NA,NA,NA
63004,57,0.776211014439097,1.95358396448953,NA,1728,35.5585842852198
63005,56,0.782765217391304,1.75197892373382,NA,1730,9.94472907933551
63010,70,0.770880821917808,1.78173670618592,NA,1688,22.3899204244032
63011,63,0.780416438356164,NA,NA,NA,NA
63012,68,0.765202898550725,2.31853388076593,NA,1698,101.924620733249
63012,68,0.765202898550725,2.31853388076593,NA,1698,101.924620733249
63013,62,0.765552173913043,2.0237565180865,0.000682186222222222,1708,55.9470588235294
63014,61,0.800047945205479,1.81479007706812,NA,1689,187.143953294412
63015,67,0.792197297297297,1.88241035124499,NA,1702,1731.58723843207
63022,54,0.872857352941176,NA,NA,NA,NA
63024,74,0.802693055555556,2.24627887296986,NA,1680,140.057211613104
63028,63,0.812295890410959,NA,NA,NA,NA
63030,62,0.860255555555556,1.42394006903112,0.00131315973333333,1714,45315.5140562249
63030,62,0.860255555555556,1.42394006903112,0.00131315973333333,1715,901.590643274854
63031,66,0.841701388888889,NA,NA,NA,NA
63101,66,0.679237389493503,NA,NA,NA,NA
63108,68,0.735393202694427,NA,NA,NA,NA
63118,68,0.793832876712329,1.72468791794985,0.000620438,1709,329.056630525438
63119,63,0.816967123287671,2.16114160887247,NA,1690,417.962166285278
63126,57,0.786514666666666,2.08499109022549,NA,1677,528.211793611794
63202,67,0.693710157935757,NA,NA,1725,14.2317996505533
63204,63,0.765143479518191,1.7342733453419,NA,1727,53.189384588256
63205,58,0.757549839000899,1.96112499510523,0.00194186240740741,1729,16.2061369000787
63210,56,0.766367567567567,1.96913939232674,NA,1704,20.005731040917
63215,66,0.778672602739726,2.11915050010254,NA,1710,416.512032293122
63217,53,0.785468055555556,1.83649375913332,0.000981533214285714,1687,235.424887556222
63220,65,0.837129577464789,1.68798164438659,0.00296096335555556,1691,11679.0649038462
63220,65,0.837129577464789,1.68798164438659,0.00296096335555556,1700,411.340882694541
63221,66,0.825660273972603,NA,NA,NA,NA
63222,57,0.864413698630137,NA,NA,NA,NA
63224,76,0.776467647058824,2.13510881138595,0.00347608555555556,1686,68.4907871562119
63225,62,0.809147297297297,1.98776489226544,0.000839424,1684,120.423830594185
63226,67,0.781220547945206,1.92180658919775,NA,1682,432.856826801517
63228,79,0.844643055555556,NA,NA,NA,NA
63233,68,0.794810810810811,NA,NA,NA,NA
63311,64,0.797256944444445,2.00832317375826,NA,1721,10.0629685157421
64005,55,0.788095402298851,NA,0.000522111333333333,1734,941.496887844979
64006,48,0.75306,1.51706806789887,0.00117606543703704,1735,170.882639670041
64009,65,0.825326829268292,NA,NA,NA,NA
64021,58,0.664467816091954,NA,NA,NA,NA
64026,71,0.762302222222222,NA,NA,1752,879.611778958159
64028,71,0.819113953488372,NA,NA,NA,NA
64032,57,0.586272289156627,NA,0.00042257,1756,373.796264367816
64039,55,0.789,NA,NA,1763,564.385611843627
64043,55,0.768216470588235,1.17405805426553,0.000807983607142857,1767,195.59338686821
64043,55,0.768216470588235,1.17405805426553,0.000807983607142857,1767,195.59338686821
64044,77,0.849368965517241,1.8839831432327,0.000246030333333333,1768,313.613807245386
66003,59,0.784538461538462,NA,NA,NA,NA
66005,72,0.74884,NA,NA,NA,NA
66015,78,0.82567088607595,NA,NA,NA,NA
66021,67,0.841920512820513,2.18797065138608,0.000302693666666667,1775,1128.38379204893
66022,64,0.855141772151899,NA,NA,NA,NA
66042,59,0.775252564102564,NA,NA,NA,NA
66067,51,0.787642666666667,NA,NA,NA,NA
66073,71,0.857121052631579,NA,NA,NA,NA
66075,75,0.797701282051282,NA,0.00900759866666667,1786,484.915254237288
66076,72,0.849644,NA,NA,NA,NA
66080,63,0.836573761609907,NA,NA,NA,NA
66082,65,0.843114666666667,NA,NA,NA,NA
66085,68,0.791590410958904,NA,NA,NA,NA
66087,70,0.833853947368421,NA,NA,1788,440.289190897598
66141,63,0.735742666666667,NA,0.00242737805555556,1792,132.194011651538
66165,58,0.783639473684211,NA,NA,NA,NA
66168,63,0.781392307692308,NA,NA,NA,NA
67007,51,0.711311111111111,1.51561431989057,0.000838938333333333,1845,297.992677345538
67010,53,0.479550704225352,NA,0.0010526488969697,1836,122.918077803204
67011,71,0.814793150684931,1.43716343753836,NA,1822,1257.52123552124
67014,65,0.766576056338028,1.65760544762023,0.00157756973809524,1834,344.013344453711
67015,62,0.783594666666667,NA,0.000333572333333334,1824,303.954551820728
67016,63,0.64046301369863,1.88293405290388,0.00316715833333333,1825,243.411793611794
67017,62,0.680317647058824,1.7562416780827,NA,1832,254.983339997334
67019,56,0.5032875,1.39210472912326,0.000332014888888889,1821,400.849878934625
67024,63,0.771491780821918,NA,0.00118158737037037,91,94.4945129386262
67026,64,0.779979452054795,1.44663604073343,0.000582286821428571,1813,637.65171624714
67030,45,0.528521917808219,0.709963949748644,0.00143515546031746,1809,1228.13202637058
67031,52,0.523536,0.630309611127746,NA,1804,307.824134434304
67032,51,0.520828378378378,NA,NA,1808,231.570114442996
67034,30,0.447737837837838,NA,0.00122099166666666,1811,950.812109646079
67050,67,0.820530434782609,NA,NA,NA,NA
67051,76,0.837920833333333,NA,NA,NA,NA
67059,67,0.777833783783784,NA,NA,NA,NA
67064,60,0.760302702702703,1.91328076727119,0.00663043692063492,1816,221.006407322654
67067,64,0.502628985507246,NA,NA,1810,391.584134941065
67070,30,0.477064864864865,1.09303042449978,0.00164960975555556,1806,767.627420998981
67125,55,0.77175,NA,NA,NA,NA
69001,42,0.90547408,NA,NA,NA,NA
69003,50,0.90338072,NA,NA,1859,21943.1694788151
69004,23,0.32874706,NA,NA,NA,NA
69007,67,0.7010256,NA,NA,NA,NA
69010,57,0.9135512,NA,0.0040585692962963,1874,22475.9375873312
69013,62,0.64238554,1.04076814170946,0.00742846877777778,1876,38245.9112355058
69014,67,0.59910488,NA,NA,NA,NA
69018,73,0.88011124,2.06029047180367,9.83203333333335e-05,1883,2888.84054550223
69019,76,0.92207724,NA,NA,NA,NA
69021,31,0.39268666,NA,0.00321043858333333,1887,755.213819875776
69022,35,0.27046454,NA,NA,NA,NA
69023,43,0.4057494,NA,NA,NA,NA
69025,49,0.82162036,NA,NA,NA,NA
69026,74,0.88933086,NA,NA,NA,NA
69028,67,0.72753538,1.94770827448154,NA,1896,8465.00549387
69029,60,0.61609886,1.21524642318136,NA,1892,15151.6366797045
69033,59,0.79807682,NA,NA,NA,NA
69034,76,0.8198459,1.9533297431415,0.000372189666666667,1870,5606.86789151356
69035,52,0.71656548,NA,0.009720844,1853,8074.74003189793
69041,64,0.89396218,NA,NA,NA,NA
69045,43,0.4791183,NA,NA,1860,19951.1241569928
69048,69,0.66085252,NA,NA,NA,NA
69051,66,0.8688554,NA,0.00169340233333333,1889,61377.8591972187
69057,74,0.8201539,NA,NA,NA,NA
69058,75,0.87471924,NA,NA,NA,NA
69127,77,0.83632346,NA,NA,NA,NA
69142,64,0.92202412,NA,NA,NA,NA
69147,53,0.80751464,NA,0.00185464666666667,1873,26589.3178064516
69201,47,0.86447364,1.83944747333929,0.000207353,1855,13310.6408065619
69201,47,0.86447364,1.83944747333929,0.000207353,1856,25129.5236167341
69203,58,0.65103214,1.33444409439856,NA,1854,7183.79242636746
69206,52,0.72114878,0.793419621433657,0.00164616362222222,1857,12805.1716117216
69206,52,0.72114878,0.793419621433657,0.00164616362222222,1858,1135
69207,60,0.74016394,NA,NA,NA,NA
69211,52,0.50815176,NA,NA,NA,NA
69212,61,0.5546357,NA,NA,NA,NA
69214,67,0.63085374,NA,NA,NA,NA
69219,58,0.89039268,NA,0.00445698166666667,1880,107086.026499709
69226,74,0.8460185,NA,NA,NA,NA
69227,46,0.82390874,NA,NA,NA,NA
69229,68,0.64874628,NA,NA,NA,NA
69238,63,0.67286952,NA,NA,NA,NA
69240,58,0.56569024,NA,NA,NA,NA
69243,63,0.89886422,NA,NA,NA,NA
69244,56,0.90667776,NA,NA,1890,81673.0194174757
69251,66,0.86565308,NA,NA,NA,NA
69253,71,0.54172102,NA,NA,NA,NA
72002,77,0.86106874,NA,NA,NA,NA
72004,74,0.85961142,1.86682302028908,0.000401815777777778,1906,1114.15371428571
72006,79,0.89203496,1.94129916257212,0.000286091404761905,1914,3179.68026122884
72008,77,0.871375,1.83547384002879,0.000646854158730158,1915,1075.61432506887
72008,77,0.871375,1.83547384002879,0.000646854158730158,1915,1075.61432506887
72010,77,0.90128604,1.91749000611445,0.000586108666666667,1921,1062.95728451564
72011,79,0.8620075,NA,NA,NA,NA
72012,82,0.8894554,2.02942009547692,NA,1920,956.416592985559
72014,71,0.8996625,1.51173895589091,0.000328476,1918,1951.48704171934
72016,76,0.89650996,1.94505035514526,NA,1912,3659.67574603175
72022,84,0.9087263,1.99868031755022,0.000363492666666667,1908,1586.19992997199
72025,79,0.89199734,1.87793173837981,NA,1932,16760.1585244267
72028,77,0.90288874,1.52513978611735,NA,1917,10101.0717803853
72029,91,0.88928624,2.03142969119645,0.00079229761904762,1924,9496.54951352792
72030,78,0.89677626,1.90515460086514,0.000378799333333333,1903,3910.10817091454
72031,86,0.89301028,NA,NA,NA,NA
72033,82,0.8874295,1.96313398754896,0.000987232000000002,1901,4327.77465564738
72034,86,0.9047775,NA,NA,NA,NA
72035,91,0.88752136,2.15164477504489,NA,1925,1486.75545385202
72038,88,0.89832716,2.16702655247331,0.000695309333333333,1919,2225.11404958678
72039,93,0.92291026,NA,NA,NA,NA
72047,68,0.84636952,NA,NA,NA,NA
72048,71,0.85123536,NA,0.000693888794444445,1972,524.580860732425
72048,71,0.85123536,NA,0.000693888794444445,1976,283.742063492063
72049,82,0.87658974,NA,NA,NA,NA
72050,81,0.86796708,1.75893884202939,NA,1940,2216.43832258065
72050,81,0.86796708,1.75893884202939,NA,1940,2216.43832258065
72052,73,0.86433422,1.60992540027612,0.00132186287407407,1960,1047.43110944528
72053,77,0.8646772,1.71486151671377,0.000606790666666667,1944,550.326784988484
72054,82,0.87752764,1.59674194002755,NA,1953,713.924993443483
72056,85,0.87512912,NA,NA,NA,NA
72057,66,0.86996836,NA,NA,NA,NA
72060,81,0.8768171,1.83307918866887,0.00208315244444445,1938,4145.81290322581
72061,75,0.863528,1.59816813723125,NA,1973,6560.07955182073
72062,82,0.86288484,1.61221180634282,0.00229875694444444,1964,9924.54356435644
72062,82,0.86288484,1.61221180634282,0.00229875694444444,1965,3821.07692307692
72063,68,0.875136,NA,NA,NA,NA
72064,73,0.87034534,1.63658161445946,0.001019174,1956,2053.02303346371
72066,76,0.862775,1.75178044809407,NA,1963,8996.94975343196
72068,79,0.85401296,1.49225823290188,0.00131840852380952,1966,2645.91269049993
72069,74,0.87460876,1.96103419772909,0.000809425,1947,8725.79646773964
72072,73,0.86429342,1.91270531337685,NA,1957,659.267226890756
72076,62,0.79274078,NA,NA,NA,NA
72076,62,0.79274078,NA,NA,NA,NA
72083,79,0.87217752,1.97127000732194,0.00226082433333333,1941,6570.36671664168
72084,58,0.7945829,NA,NA,NA,NA
72086,59,0.86806282,1.93706523180182,0.00293984289285714,1942,1000.49619624282
72086,59,0.86806282,1.93706523180182,0.00293984289285714,1942,1000.49619624282
72088,76,0.85514534,NA,0.000905338476190476,1987,728.467156862745
72090,82,0.86203246,1.56558226443921,NA,1984,8957.44864551644
72091,76,0.86314026,1.21082456252821,NA,1983,8597.91510903427
72101,78,0.85370266,NA,NA,NA,NA
72107,78,0.89571646,NA,NA,NA,NA
72126,75,0.91521772,1.81625009001851,NA,1923,12064.6151061776
72127,72,0.89222024,1.83635610722172,0.00442986933333333,1931,7347.92800276912
72127,72,0.89222024,1.83635610722172,0.00442986933333333,1933,1462.2380952381
72127,72,0.89222024,1.83635610722172,0.00442986933333333,1931,7347.92800276912
72127,72,0.89222024,1.83635610722172,0.00442986933333333,1933,1462.2380952381
72132,87,0.90808764,1.75829389709731,0.000524982222222222,1916,8105.81879149167
72151,72,0.85376154,1.7878843179472,0.000441307,1974,937.457326007326
72151,72,0.85376154,1.7878843179472,0.000441307,1975,482.117647058824
72155,81,0.8610923,NA,NA,NA,NA
72165,82,0.83852896,1.66039011336118,0.00401933733333333,1971,19243.6821589205
72189,86,0.85640132,1.14349152580308,0.000275569333333333,1982,11601.0795755968
72192,79,0.85645196,NA,NA,NA,NA
72194,61,0.80075264,1.67146603145386,NA,1985,4072.56550713048
72198,70,0.7919039,NA,NA,NA,NA
80002,58,0.76893768,1.49153905373667,NA,2004,15.5131917631918
80003,58,0.67810808,1.6675110017165,0.00265951733333333,2006,11.3008403361345
80005,59,0.77628856,1.95390834412259,NA,2003,54.0702179176755
80008,68,0.74796762,2.25084466435716,NA,2002,282.676640926641
80013,54,0.77049714,1.92452750782348,NA,2005,33.0172940797941
80018,66,0.81640554,2.06715217643191,NA,1993,355.658149058149
80018,66,0.81640554,2.06715217643191,NA,1993,355.658149058149
80021,65,0.7853657,2.06274459033906,NA,2001,138.023340961098
80050,59,0.79389588,1.98596862627153,0.00135289142592593,451,446.754385964912
80051,62,0.79674244,2.09950101790903,NA,450,233.189667565139
80055,62,0.78760286,2.13569476703553,NA,448,112.771879021879
80058,60,0.78065428,2.05959350137044,NA,446,37.9588859416446
80101,57,0.75087608,NA,NA,NA,NA
80116,62,0.76631126,NA,0.000937231333333331,1995,369.967784505512
81016,42,0.63627684,0.956812365326813,0.00100555892121212,2032,1629.38082145663
81023,42,0.76624096,NA,NA,2010,984.84680777238
81029,53,0.67737216,NA,NA,NA,NA
81032,37,0.51460792,NA,NA,NA,NA
81037,43,0.59214624,NA,NA,2008,163.990588090551
81041,33,0.56867978,NA,0.000779697933333333,2022,1106.77336601307
81043,51,0.49868482,NA,NA,2036,2968.37381448068
81046,46,0.57085248,NA,0.0038236522962963,2037,3770.49124056402
81047,47,0.70011124,NA,0.00565003466666667,2035,38587.0943526171
81049,45,0.79097408,0.749581242677434,NA,2024,10369.4261190787
81050,41,0.7763625,NA,NA,NA,NA
82001,69,0.73396112,1.86179038693135,0.00146954233333333,2051,486.318722392117
82002,61,0.74059188,NA,NA,NA,NA
82003,61,0.80793836,NA,NA,NA,NA
82006,63,0.8192233,NA,NA,NA,NA
82009,66,0.81793562,2.19053953981368,0.00218661174074074,2071,237.06307277628
82010,69,0.82857682,2.11772475295813,0.000525312444444444,2074,122.945006321113
82012,55,0.7863192,NA,NA,NA,NA
82015,64,0.7996232,1.92462690640578,NA,2079,839.641441441441
82015,64,0.7996232,1.92462690640578,NA,2079,839.641441441441
82016,75,0.8255419,1.46372681865953,0.000521247,2063,550.300839054157
82018,70,0.82264492,1.67437553079765,0.000209482222222222,2070,579.61620795107
82020,58,0.77671178,1.7217188273931,0.00102455812962963,2050,1472.13080267039
82021,65,0.79872352,1.63688711238723,0.000308288666666667,2072,943.953018831295
82024,59,0.81247672,2.06573299513719,0.00282977062962963,2080,555.699426699427
82027,65,0.82449324,NA,NA,NA,NA
82029,68,0.84164998,NA,NA,NA,NA
82031,71,0.84689588,1.39104044705168,NA,2053,15310.221980198
82032,74,0.83895198,1.52994529560446,NA,2052,2322.60271807838
82033,57,0.80672176,2.1857863092021,NA,2060,397.397218073189
82034,76,0.81804134,NA,NA,NA,NA
82042,72,0.83495428,1.2328186768987,NA,2056,14475.2337662338
82128,70,0.82692054,1.84551187846876,0.00158922244444444,2081,6607.46971027217
82128,70,0.82692054,1.84551187846876,0.00158922244444444,2082,3897.11843137255
82135,60,0.85041286,NA,NA,NA,NA
83009,63,0.48277612,NA,0.000498962,2175,1377.72654897889
83011,35,0.68593508,2.21583947121505,0.00385244422222222,2171,5.41240347490348
83015,55,0.59378414,1.49783225613015,0.001338055,2170,61.0933532486931
83017,62,0.5666123,NA,NA,NA,NA
83018,54,0.429825,NA,NA,NA,NA
83024,45,0.70645374,1.77117122548492,NA,2169,43.2143755615454
83028,42,0.60019286,NA,NA,2152,520.758241758242
83029,63,0.6247855,NA,NA,NA,NA
83031,74,0.62493582,NA,NA,2158,2329.49627898927
83033,54,0.81458,2.26214299033018,0.00275465,2139,387.061217681401
83041,60,0.58561,NA,NA,NA,NA
83042,61,0.5843087,NA,0.000601887333333333,2147,5206.74632683658
83043,53,0.52229118,NA,0.000686357333333332,2134,384.544089759798
83044,52,0.82370998,2.27985804519316,NA,2128,148.446313285763
83045,58,0.83127102,2.2740073466129,0.000855096666666667,2118,129.916907979408
83054,54,0.48551572,1.28201472199002,0.000668158888888889,2125,1216.79227722772
83055,69,0.52140736,1.33847904075279,NA,2129,2091.16208172458
83064,52,0.6120603,1.64241277632764,0.000278902,2117,369.296949391642
83070,49,0.7316141,NA,NA,NA,NA
83072,52,0.66458694,2.01735195411938,NA,2100,203.470491166764
83075,51,0.65852572,NA,NA,NA,NA
83081,51,0.36761912,0.122557808384626,NA,2154,581.700691763192
83082,43,0.25831498,NA,NA,2165,44465.6878267364
83100,48,0.4888956,0.920267366876555,0.00374600405555556,2090,5309.45820657685
83112,54,0.35238594,NA,NA,NA,NA
83114,62,0.52677,NA,NA,NA,NA
83140,67,0.5999515,NA,NA,NA,NA
83149,53,0.69318058,NA,NA,NA,NA
83238,57,0.60896998,1.9189332150656,0.000913360464285715,2145,115.110774724422
83273,51,0.68916762,NA,NA,NA,NA
83302,51,0.55232216,NA,NA,NA,NA
83306,33,0.53248916,NA,NA,NA,NA
83312,35,0.75662458,NA,NA,NA,NA
83315,57,0.59926308,NA,NA,NA,NA
83316,66,0.62147574,NA,NA,NA,NA
83317,73,0.58615944,NA,NA,NA,NA
83323,46,0.72300846,NA,NA,NA,NA
83324,49,0.6446179,NA,NA,NA,NA
83325,71,0.58566324,NA,NA,2146,582.454128440367
83327,52,0.51797878,NA,NA,NA,NA
83336,44,0.7359157,NA,NA,NA,NA
83336,44,0.7359157,NA,NA,NA,NA
83337,46,0.60500146,1.56039559040802,NA,2123,198.786314413742
83346,43,0.2238343,1.56236188233757,0.00827666406666666,2120,27804.1743109615
83351,42,0.63503858,NA,NA,NA,NA
83363,48,0.4669847,1.13565209714441,NA,2102,669.053669994128
83367,49,0.47353044,NA,NA,NA,NA
85004,23,0.18874518,NA,NA,2203,13431.8981845278
85008,48,0.50129872,1.51688179904381,0.000455905666666667,2196,25650.9813084112
85009,21,0.19194138,0.821413076390019,NA,2215,757.304683195592
85011,39,0.47267866,1.8686376994346,NA,2210,1657.13384955752
85013,47,0.22766754,NA,0.000583265999999999,2209,23099.7632025194
85014,17,0.28547334,0.449658616890525,0.000128528333333333,2218,890.965816835209
85015,79,0.51547012,NA,NA,NA,NA
85017,36,0.20083994,1.2510619996053,0.000253550722222222,2224,5353.58950524738
85019,45,0.38818082,NA,NA,NA,NA
85020,65,0.496596,NA,NA,NA,NA
85021,66,0.30635206,NA,NA,NA,NA
85022,30,0.23083816,NA,NA,2227,19938.2596491228
85024,56,0.4009125,0.85483387111939,0.00586734162962963,2189,18516.2931129477
85025,26,0.3124962,0.532515783515674,0.00375906438095238,2193,4912.31556503198
85103,51,0.70976234,NA,NA,NA,NA
85104,32,0.2613049,0.596925617100722,0.00205122122619048,2206,13879.2906837265
85108,50,0.31298844,NA,NA,2204,8443.97241103559
85109,12,0.17330744,0.377160765466446,0.000265899,2211,7083.8533962759
85110,34,0.30806668,1.10369155935215,0.0399821155555556,2213,69.7952707856598
85112,49,0.19829606,1.08932373957489,0.000319524666666667,2216,3815.77848206839
85117,37,0.17848814,NA,0.000112953333333333,2223,11488.5119328613
85119,37,0.37346134,0.962049609354547,0.00779153600000001,2226,11942.8081267218
85121,75,0.40281528,NA,NA,NA,NA
85123,41,0.34822084,0.819738998235845,NA,2229,15499.3022488756
85153,59,0.62322276,NA,NA,NA,NA
85153,59,0.62322276,NA,NA,NA,NA
85156,55,0.72735396,1.80247519851669,0.000539997,2200,24086.575
85156,55,0.72735396,1.80247519851669,0.000539997,2202,14896.7352941176
85158,49,0.45574304,NA,NA,NA,NA
85159,33,0.16666204,NA,0.00238569033333333,2207,456.712068965517
85161,62,0.54845138,NA,NA,NA,NA
85164,17,0.30898268,NA,NA,NA,NA
85165,65,0.57382632,NA,NA,NA,NA
85167,18,0.1596091,NA,NA,NA,NA
85169,52,0.27562778,NA,NA,NA,NA
85170,58,0.40012802,NA,NA,NA,NA
85171,22,0.19514056,NA,NA,NA,NA
85171,22,0.19514056,NA,NA,NA,NA
85171,22,0.19514056,NA,NA,NA,NA
85172,29,0.18486532,NA,NA,NA,NA
85174,60,0.74151266,NA,NA,NA,NA
85206,63,0.72184534,NA,NA,NA,NA
85307,81,0.65543766,NA,NA,NA,NA
85311,71,0.58990812,NA,NA,NA,NA
85315,39,0.51091488,NA,NA,NA,NA
85316,51,0.44090548,NA,NA,NA,NA
85316,51,0.44090548,NA,NA,NA,NA
85318,30,0.35245134,NA,NA,NA,NA
85320,82,0.40534798,NA,NA,NA,NA
85321,53,0.36728242,NA,NA,NA,NA
85321,53,0.36728242,NA,NA,NA,NA
87005,71,0.91229258,NA,NA,NA,NA
87008,80,0.90361644,1.65658934798623,0.000150329333333333,2245,11969.0817142857
87009,77,0.9017848,NA,NA,NA,NA
87010,83,0.89763294,2.26373346320321,0.000439671678571429,2243,5587.69651416122
87011,87,0.88294128,2.39007022261852,NA,2234,5099.4914600551
87015,80,0.8928037,2.2059462638172,0.000976890666666666,2235,4004.66056910569
87016,68,0.89469294,2.12179309354947,0.000354418666666667,2238,5222.82911534155
87016,68,0.89469294,2.12179309354947,0.000354418666666667,2239,3350.38717948718
87018,78,0.8926827,NA,NA,NA,NA
87022,64,0.85675854,2.51322057848204,NA,2233,4173.48619186046
87120,73,0.89708794,NA,NA,NA,NA
88001,62,0.85007734,1.67834323580029,NA,2249,2155.54586362063
88002,72,0.82250788,1.99365560712446,0.00195921228571429,2248,974.870518207283
88005,67,0.83770274,1.74078337765523,0.00250839801851852,2252,9633.38022046266
88007,64,0.84651082,1.66695537204146,0.000670037111111111,2251,4776.13272311213
88008,61,0.85012264,NA,NA,NA,NA
88013,73,0.84939054,NA,NA,NA,NA
88014,62,0.83694866,1.4769867085879,0.00125845746031746,2278,4045.27845055116
88015,70,0.86162132,1.03513633654599,NA,2269,14793.2599188856
88022,60,0.84965732,1.95598107822311,NA,2263,682.976611694153
88023,74,0.84718918,1.72976584078347,0.000810716999999998,2266,6248.81982690795
88025,64,0.84191014,2.10824647990757,NA,2277,69.3555850279988
88028,67,0.83009866,2.22271047669264,0.000794876621212121,2274,114.274380165289
88029,73,0.68313702,2.30345541819028,0.001073258,2264,87.4131197559115
88030,72,0.76538024,2.36252964120626,NA,2261,75.3938223938224
88036,77,0.83130812,1.35511550366406,0.000619698333333334,2280,10212.1574939425
88040,63,0.80885948,2.05045529029128,0.000554422238095238,2288,220.161161813704
88041,63,0.83076622,2.07816225080344,NA,2279,438.935759029721
88043,68,0.79283288,2.01598474533185,0.00408030021428572,2289,34.5903357903358
88044,65,0.79125204,2.22670518699454,NA,2287,40.5872313527181
88046,65,0.74975344,1.78423634565705,NA,2285,10.853982300885
88047,64,0.82654782,1.62677778994453,0.000819704429629631,2284,737.028799875796
88049,63,0.8453096,NA,NA,NA,NA
88051,72,0.81586134,NA,NA,NA,NA
88116,65,0.82661428,1.48044324716069,0.00274390822222222,2322,4271.12863568216
88116,65,0.82661428,1.48044324716069,0.00274390822222222,2322,4271.12863568216
88127,66,0.8171889,NA,NA,NA,NA
89001,60,0.78261266,1.764575150154,0.00298830538888889,2331,2887.67045942465
89002,61,0.77608146,NA,NA,NA,NA
89004,64,0.88753296,1.70181946585486,NA,2332,37707.2323991798
89005,73,0.7449955,NA,NA,NA,NA
89006,46,0.53528276,NA,NA,NA,NA
89007,73,0.66065632,1.55465763828286,0.00640143508148148,2333,13988.210688592
89008,81,0.84197864,1.79502835229539,0.00321267811904762,2334,9059.40434883183
89009,54,0.80383792,1.90616957010392,0.00240457366666667,2335,357.983403459561
89016,71,0.60428372,NA,NA,NA,NA
89023,62,0.62217618,NA,NA,2341,70361.2
89024,53,0.85851928,NA,NA,NA,NA
89025,61,0.7649244,2.15451301847468,0.00603576042222222,2342,49460.4539354839
89029,74,0.76316548,NA,0.016327174,2345,53656.5921486365
89030,81,0.73152334,1.19602248718099,0.00704766933333332,2346,37545.1941820524
89032,76,0.87937444,1.33236470034476,0.000656242666666667,2347,15968.2507741484
89040,52,0.73649022,NA,NA,NA,NA
89040,52,0.73649022,NA,NA,NA,NA
89041,69,0.91281124,NA,NA,NA,NA
89043,65,0.8827314,NA,NA,NA,NA
89044,76,0.57343954,NA,0.00602761003703704,2354,18234.1012237012
89051,76,0.77840224,NA,NA,NA,NA
89053,64,0.85050238,NA,NA,NA,NA
89057,40,0.39236666,NA,NA,NA,NA
89060,41,0.92069278,1.69914999719975,0.00972544966666666,2360,96860.2564738292
89065,72,0.55893792,NA,NA,NA,NA
89066,49,0.75698208,NA,NA,NA,NA
89071,86,0.87716404,NA,NA,NA,NA
89074,76,0.80096388,NA,NA,NA,NA
89075,48,0.38217906,NA,NA,NA,NA
89076,43,0.4169372,NA,NA,NA,NA
89079,64,0.91846,NA,NA,NA,NA
89081,50,0.54202412,NA,NA,NA,NA
89111,68,0.84822906,2.44064054351494,0.00321335479629629,2367,2653.16643882433
89152,54,0.90916022,NA,NA,NA,NA
89164,28,0.39834524,NA,NA,NA,NA
90001,75,0.85076218,1.3466480308547,0.00133756866666667,2377,14618.8318627451
90003,77,0.85299726,1.07679089544852,NA,2379,5683.34286905755
90006,69,0.85019866,NA,NA,NA,NA
90014,73,0.84028534,NA,0.000406049577777778,2386,847.61337535014
90015,66,0.8398527,NA,0.000304945,2387,793.71997471555
90016,72,0.8444182,NA,NA,NA,NA
90019,70,0.83377632,NA,NA,NA,NA
90022,71,0.86192296,0.890233619156811,0.000385985666666667,2391,10555.7351342959
90023,74,0.8657419,1.18404784600568,0.000864334333333333,2392,11373.2929669306
90024,76,0.865128,1.02140214004634,0.000274445,2393,8714.8499009901
90026,72,0.84963554,NA,0.000458928133333333,2394,723.334951456311
90027,72,0.86485066,1.2804497241014,0.00180896,2395,5756.73778874978
90029,72,0.86263508,0.672384471229326,0.00026466,2397,25269.5181787292
90032,78,0.86043466,NA,NA,NA,NA
90033,72,0.865787,1.1998975761377,NA,2400,9476.72162534435
90034,74,0.83229234,1.53329432697289,0.00364969233333334,2401,1378.81447502548
90036,70,0.83547794,NA,NA,2402,697.583248386001
90037,73,0.85379804,NA,NA,NA,NA
90039,73,0.84628862,NA,NA,NA,NA
90039,73,0.84628862,NA,NA,NA,NA
90041,71,0.85673768,NA,NA,NA,NA
90044,71,0.850324,NA,NA,NA,NA
90048,69,0.85307806,1.38714969655541,0.000959305055555555,2404,2906.78505622544
90053,81,0.8538909,1.39210931831135,0.00158455733333333,2408,2377.84012204424
90140,69,0.84902896,1.49658065057922,0.00110640533333333,2410,1885.97479356801
90147,71,0.8633948,1.34978719273631,NA,2411,5256.42913806255
90149,63,0.85413374,1.14633827871049,NA,2412,3800.73094245204
91001,89,0.91810116,2.18110515184602,0.000492258,2417,5481.836876101
91003,86,0.91700842,2.22950502156758,0.00121805333333333,2466,297.315675552518
91004,79,0.91273648,2.07958889097996,0.00080495509090909,2418,791.259842519685
91005,83,0.73635992,2.23198568703513,0.000786512666666666,2415,2300.6909136358
91006,77,0.91375816,NA,NA,NA,NA
91008,84,0.90182892,NA,NA,NA,NA
91012,89,0.90882804,1.93697757806475,0.00303243222222222,2471,110.885273129921
91020,79,0.90873294,1.95114012756477,0.000778030035714286,2430,707.9680039995
91022,84,0.90504698,NA,NA,NA,NA
91024,81,0.90427926,2.0127461406657,0.00237717533333333,2422,34.2992136478742
91026,84,0.91207178,1.89857562880151,0.000933551666666669,2427,205.120095408468
91027,86,0.91503792,NA,NA,NA,NA
91028,75,0.90805732,1.73267194088393,0.000772365833333333,2426,1956.88844552394
91029,87,0.88147528,1.95526255914828,0.000551985,2429,645.740250447227
91029,87,0.88147528,1.95526255914828,0.000551985,2429,645.740250447227
91031,75,0.88784938,1.80851074024669,0.000922863000000001,2442,2318.22059742532
91033,70,0.90600494,1.7091841144285,NA,2447,2254.85319767442
91034,75,0.90355386,NA,NA,NA,NA
91038,80,0.88265122,2.30795436061418,NA,2448,37.8686073957514
91041,85,0.86716308,NA,NA,NA,NA
91042,82,0.88344404,1.9426338353237,0.00196441333333333,2441,93.7628383067314
91044,95,0.84797598,1.94613118857121,0.000399339333333333,2444,189.8133240805
91045,85,0.8201965,2.1801815216892,0.00119827288888889,2436,142.992806484296
91052,73,0.88227902,NA,NA,NA,NA
91055,72,0.8703506,1.87281083103714,0.002160354,2455,4138.18503937008
91057,79,0.84347894,2.02760461536581,0.000752567090909091,2450,148.025989604158
91068,69,0.8384855,NA,NA,NA,NA
91301,77,0.83762506,NA,NA,NA,NA
91303,79,0.90383646,NA,NA,NA,NA
91307,86,0.90392234,NA,NA,NA,NA
91308,81,0.90831326,NA,NA,NA,NA
91310,80,0.90296664,NA,NA,NA,NA
91311,68,0.88473014,NA,NA,NA,NA
91313,91,0.89832126,NA,NA,NA,NA
91315,75,0.87245556,NA,NA,NA,NA
91316,68,0.87556624,NA,NA,NA,NA
91317,79,0.85719878,NA,NA,NA,NA
91319,68,0.86630758,NA,NA,NA,NA
91320,61,0.83980388,NA,NA,NA,NA
91321,58,0.79016748,NA,NA,NA,NA
91322,62,0.78002026,NA,NA,NA,NA
92001,57,0.68936906,NA,NA,NA,NA
92002,68,0.4586964,NA,0.00133454466666667,2488,7477.1549791294
92002,68,0.4586964,NA,0.00133454466666667,2488,7477.1549791294
92005,41,0.4986558,NA,0.00281049733333333,2479,5519.59215686275
92007,66,0.67936218,1.28436783783081,NA,2486,33985.2981904013
92011,47,0.40403372,NA,0.0118131153214286,2505,14379.6535536323
92011,47,0.40403372,NA,0.0118131153214286,2505,14379.6535536323
92015,46,0.2795013,NA,0.0059880495030303,2535,4808.46834997064
92019,71,0.44657802,NA,NA,NA,NA
92026,55,0.70095442,1.45591961100355,NA,2546,6554.39726984127
92028,44,0.47624342,NA,NA,NA,NA
92030,63,0.71015238,1.28658677167713,0.000752447333333334,2477,15549.4004499438
92032,74,0.56728768,1.46243055906501,NA,2481,13601.2172476646
92035,36,0.35243364,NA,0.00828194266666667,2480,5074.55795654727
92037,40,0.3239104,1.61057400679377,NA,2478,5967.47328244275
92041,35,0.45218596,NA,NA,NA,NA
92041,35,0.45218596,NA,NA,NA,NA
92045,31,0.41898216,NA,NA,2482,859.819743233865
92051,66,0.79183464,NA,NA,NA,NA
92053,62,0.55066096,1.49569313378233,NA,2504,27540.8099985757
92053,62,0.55066096,1.49569313378233,NA,2504,27540.8099985757
92063,51,0.4834329,1.31101172140083,0.000701788333333333,2499,10914.622432948
92077,54,0.47957038,NA,NA,NA,NA
92082,36,0.28770758,0.649778541457674,NA,2528,4475.3248343957
92083,26,0.33220124,NA,NA,2520,8411.44685714286
92084,46,0.33051874,NA,NA,NA,NA
92085,21,0.33423796,0.572049739617941,NA,2530,464.693858079905
92087,70,0.46703874,NA,0.00156053660714286,2526,17074.1967446271
92090,31,0.46334076,0.897911328271061,0.000975642290909091,2517,400.634560456998
92101,20,0.2215592,NA,NA,NA,NA
92103,29,0.42908608,NA,0.000459315333333333,2550,1326.06074380165
92104,45,0.54021946,NA,0.00394344331111111,2539,6694.12601291838
92120,45,0.46657218,NA,NA,NA,NA
92123,24,0.25040394,NA,NA,2547,5442.69710743802
92150,55,0.72872804,NA,NA,NA,NA
92206,27,0.37367738,NA,NA,NA,NA
68066,96,0.872196428571429,NA,NA,NA,NA
