"stateroute","spRich","ndvi.mean","nbcd.point","nbcd.mean","nbcd.var","file"
2001,71,0.7914,0,28.8333333333333,4988.16666666667,"NBCD_MZ48_BAW_height.tif"
2006,53,0.788118424377555,0,0,0,"NBCD_MZ48_BAW_height.tif"
2007,56,0.817139218670725,0,0,0,"NBCD_MZ48_BAW_height.tif"
2014,67,0.797852146696605,0,24.7142857142857,4275.57142857143,"NBCD_MZ48_BAW_height.tif"
2017,66,0.802507647476901,0,83.4,13119.8,"NBCD_MZ48_BAW_height.tif"
2019,65,0.814432850241546,0,92,11296,"NBCD_MZ46_BAW_height.tif"
2020,66,0.830740952380952,0,73.7142857142857,8634.90476190476,"NBCD_MZ46_BAW_height.tif"
2021,58,0.825076811594203,169,173,110,"NBCD_MZ46_BAW_height.tif"
2022,59,0.804601877934272,167,55.8333333333333,7481.76666666667,"NBCD_MZ46_BAW_height.tif"
2023,64,0.810182380952381,174,140.6,6249.8,"NBCD_MZ46_BAW_height.tif"
2024,65,0.807946666666667,0,0,0,"NBCD_MZ46_BAW_height.tif"
2025,70,0.791702857142857,147,40.1428571428571,4714.14285714286,"NBCD_MZ46_BAW_height.tif"
2026,64,0.786893719806763,154,104.428571428571,5377.28571428571,"NBCD_MZ46_BAW_height.tif"
2027,68,0.812102857142857,158,54.5,7140.7,"NBCD_MZ46_BAW_height.tif"
2029,69,0.802280676328502,0,0,0,"NBCD_MZ46_BAW_height.tif"
2029,69,0.802280676328502,0,0,0,"NBCD_MZ55_BAW_height.tif"
2031,60,0.754298529411765,0,34.5,4761,"NBCD_MZ46_BAW_height.tif"
2033,60,0.807390196078431,0,38.5,5929,"NBCD_MZ46_BAW_height.tif"
2034,63,0.811513809523809,0,0,0,"NBCD_MZ46_BAW_height.tif"
2035,56,0.770058208955224,0,122.5,9467.9,"NBCD_MZ46_BAW_height.tif"
2036,65,0.827487439613527,171,177,90.6666666666667,"NBCD_MZ46_BAW_height.tif"
2038,60,0.796686567164179,0,26.5,4213.5,"NBCD_MZ46_BAW_height.tif"
2039,59,0.805587142857143,0,0,0,"NBCD_MZ46_BAW_height.tif"
2043,54,0.815133036576949,0,0,0,"NBCD_MZ48_BAW_height.tif"
2045,69,0.823704027143582,0,0,0,"NBCD_MZ46_BAW_height.tif"
2045,69,0.823704027143582,0,0,0,"NBCD_MZ48_BAW_height.tif"
2047,65,0.826152582159624,168,163,263.2,"NBCD_MZ46_BAW_height.tif"
2048,64,0.830441062801932,0,0,0,"NBCD_MZ46_BAW_height.tif"
2050,63,0.799462380952381,177,101.6,8645.3,"NBCD_MZ46_BAW_height.tif"
2051,60,0.807403381642512,0,29.6666666666667,5280.66666666667,"NBCD_MZ46_BAW_height.tif"
2051,60,0.807403381642512,0,33.1666666666667,6600.16666666667,"NBCD_MZ54_BAW_height.tif"
2052,55,0.788727053140097,0,58.5,8214.3,"NBCD_MZ46_BAW_height.tif"
2053,57,0.819558571428571,0,28.3333333333333,4816.66666666667,"NBCD_MZ46_BAW_height.tif"
2055,65,0.799530392156863,167,45.5714285714286,6075.95238095238,"NBCD_MZ46_BAW_height.tif"
2057,67,0.810725905196241,0,32.5,6337.5,"NBCD_MZ48_BAW_height.tif"
2059,58,0.825001877934272,167,78.25,8237.58333333333,"NBCD_MZ46_BAW_height.tif"
2060,66,0.815814705882353,0,89.6666666666667,9784.26666666667,"NBCD_MZ48_BAW_height.tif"
2061,65,0.807682166428523,0,22.5,3037.5,"NBCD_MZ48_BAW_height.tif"
2063,52,0.803717391304348,0,0,0,"NBCD_MZ46_BAW_height.tif"
2065,61,0.802966666666667,158,149.75,122.916666666667,"NBCD_MZ46_BAW_height.tif"
2066,59,0.789381428571429,148,135.857142857143,3685.80952380952,"NBCD_MZ46_BAW_height.tif"
2067,64,0.795366169154229,185,154.5,5939.5,"NBCD_MZ46_BAW_height.tif"
2068,59,0.752439047619048,0,63.8571428571429,6519.47619047619,"NBCD_MZ46_BAW_height.tif"
2072,67,0.766960656436488,0,0,0,"NBCD_MZ48_BAW_height.tif"
2102,68,0.78601471116639,0,0,0,"NBCD_MZ48_BAW_height.tif"
2105,62,0.807057687793427,0,0,0,"NBCD_MZ48_BAW_height.tif"
2109,63,0.796056510632422,196,166.833333333333,7054.96666666667,"NBCD_MZ48_BAW_height.tif"
2111,70,0.822494520547945,0,55.6666666666667,7485.46666666667,"NBCD_MZ48_BAW_height.tif"
2111,70,0.822494520547945,0,46.1666666666667,5151.36666666667,"NBCD_MZ54_BAW_height.tif"
2140,41,0.450263263777448,150,148.5,3.1,"NBCD_MZ46_BAW_height.tif"
2142,56,0.582107705612958,0,33.2,5511.2,"NBCD_MZ46_BAW_height.tif"
2156,61,0.816990540540541,0,0,0,"NBCD_MZ48_BAW_height.tif"
2164,68,0.812267647058823,0,101.4,9002.3,"NBCD_MZ54_BAW_height.tif"
2201,71,0.821918785863328,145,150.75,18.9166666666667,"NBCD_MZ46_BAW_height.tif"
2205,61,0.817031904761905,0,109.166666666667,7342.16666666667,"NBCD_MZ46_BAW_height.tif"
2207,64,0.815288273908237,199,176.571428571429,6125.61904761905,"NBCD_MZ48_BAW_height.tif"
2212,63,0.794849509803922,0,0,0,"NBCD_MZ46_BAW_height.tif"
2212,63,0.794849509803922,0,0,0,"NBCD_MZ54_BAW_height.tif"
2214,60,0.822098009950249,127,81.8,5829.2,"NBCD_MZ46_BAW_height.tif"
2218,56,0.754392753623189,0,82.3333333333333,8198.66666666667,"NBCD_MZ46_BAW_height.tif"
6012,36,0.192265115611068,0,0,0,"NBCD_MZ13_BAW_height.tif"
6014,79,0.411158215962441,0,0,0,"NBCD_MZ15_BAW_height.tif"
6017,41,0.296875117370892,0,0,0,"NBCD_MZ15_BAW_height.tif"
6017,41,0.296875117370892,54,50,828.5,"NBCD_MZ24_BAW_height.tif"
6018,31,0.221760460013878,0,0,0,"NBCD_MZ14_BAW_height.tif"
6020,39,0.293782380952381,0,0,0,"NBCD_MZ14_BAW_height.tif"
6020,39,0.293782380952381,0,0,0,"NBCD_MZ15_BAW_height.tif"
6024,44,0.25223782211865,0,0,0,"NBCD_MZ14_BAW_height.tif"
6025,42,0.161565650702409,0,0,0,"NBCD_MZ14_BAW_height.tif"
6028,67,0.299018357487923,0,0,0,"NBCD_MZ25_BAW_height.tif"
6032,92,0.394440579710145,0,0,0,"NBCD_MZ25_BAW_height.tif"
6063,42,0.193189488375768,0,0,0,"NBCD_MZ14_BAW_height.tif"
6063,42,0.193189488375768,0,0,0,"NBCD_MZ15_BAW_height.tif"
6069,30,0.272612054047899,0,0,0,"NBCD_MZ14_BAW_height.tif"
6069,30,0.272612054047899,0,0,0,"NBCD_MZ15_BAW_height.tif"
6070,53,0.288634795576606,0,0,0,"NBCD_MZ14_BAW_height.tif"
6070,53,0.288634795576606,0,0,0,"NBCD_MZ15_BAW_height.tif"
6071,57,0.323129468599034,0,0,0,"NBCD_MZ14_BAW_height.tif"
6071,57,0.323129468599034,0,0,0,"NBCD_MZ15_BAW_height.tif"
6074,49,0.249138458345976,51,16.8333333333333,680.166666666667,"NBCD_MZ13_BAW_height.tif"
6074,49,0.249138458345976,51,16.6666666666667,667.066666666667,"NBCD_MZ14_BAW_height.tif"
6078,66,0.355121917808219,0,0,0,"NBCD_MZ15_BAW_height.tif"
6078,66,0.355121917808219,0,0,0,"NBCD_MZ25_BAW_height.tif"
6079,42,0.327526470588235,140,153.142857142857,138.47619047619,"NBCD_MZ15_BAW_height.tif"
6083,55,0.308317142857143,0,0,0,"NBCD_MZ25_BAW_height.tif"
6115,53,0.50155619047619,124,83.1666666666667,4299.36666666667,"NBCD_MZ15_BAW_height.tif"
6121,59,0.299704285714286,0,0,0,"NBCD_MZ14_BAW_height.tif"
6121,59,0.299704285714286,0,0,0,"NBCD_MZ15_BAW_height.tif"
6122,94,0.365163809523809,0,0,0,"NBCD_MZ15_BAW_height.tif"
7001,67,0.834923233333333,166,142.666666666667,5386.26666666667,"NBCD_MZ37a_BAW_height.tif"
7004,72,0.824544286666667,0,0,0,"NBCD_MZ37a_BAW_height.tif"
7005,62,0.806529106666667,0,0,0,"NBCD_MZ37a_BAW_height.tif"
7007,59,0.780551853333333,0,26.6666666666667,4266.66666666667,"NBCD_MZ44_BAW_height.tif"
7012,70,0.83269558,0,0,0,"NBCD_MZ37a_BAW_height.tif"
7013,69,0.82688514,0,27.1666666666667,4428.16666666667,"NBCD_MZ44_BAW_height.tif"
7015,51,0.810334246666667,193,178.666666666667,95.8666666666667,"NBCD_MZ44_BAW_height.tif"
7020,67,0.83017342,0,42.1428571428571,5190.14285714286,"NBCD_MZ44_BAW_height.tif"
7021,72,0.812319433333333,0,68,5552.4,"NBCD_MZ44_BAW_height.tif"
7022,65,0.79167502,0,0,0,"NBCD_MZ44_BAW_height.tif"
7023,65,0.846635633333333,0,58.8,6490.7,"NBCD_MZ44_BAW_height.tif"
7024,65,0.756655873333333,0,0,0,"NBCD_MZ44_BAW_height.tif"
7026,67,0.822351426666667,142,39.4285714285714,4539.61904761905,"NBCD_MZ44_BAW_height.tif"
7027,76,0.80222192,155,105.333333333333,6667.06666666667,"NBCD_MZ44_BAW_height.tif"
7028,71,0.83946126,0,0,0,"NBCD_MZ44_BAW_height.tif"
7029,61,0.81961324,162,136,3604,"NBCD_MZ44_BAW_height.tif"
7103,62,0.83123146,185,180.5,60.3,"NBCD_MZ37a_BAW_height.tif"
7109,47,0.798619253333333,0,0,0,"NBCD_MZ45_BAW_height.tif"
7114,55,0.823060773333333,172,159,210,"NBCD_MZ44_BAW_height.tif"
14001,66,0.841121643035307,0,36.5,5329,"NBCD_MZ03_BAW_height.tif"
14003,82,0.685583760683761,222,207.285714285714,525.904761904762,"NBCD_MZ07_BAW_height.tif"
14006,76,0.862303842105263,310,337.833333333333,1199.76666666667,"NBCD_MZ03_BAW_height.tif"
14014,72,0.730013394256423,208,169,6898.8,"NBCD_MZ03_BAW_height.tif"
14015,65,0.667822593646278,0,50.25,10100.25,"NBCD_MZ03_BAW_height.tif"
14015,65,0.667822593646278,0,30.5,3721,"NBCD_MZ05_BAW_height.tif"
14016,29,0.589611574074074,0,0,0,"NBCD_MZ05_BAW_height.tif"
14018,58,0.66747676056338,179,183.25,30.9166666666667,"NBCD_MZ06_BAW_height.tif"
14021,47,0.612702252252252,0,39,3920.8,"NBCD_MZ05_BAW_height.tif"
14030,31,0.320309975351303,0,0,0,"NBCD_MZ13_BAW_height.tif"
14031,21,0.134497646269581,0,0,0,"NBCD_MZ13_BAW_height.tif"
14036,22,0.137911295738311,0,0,0,"NBCD_MZ13_BAW_height.tif"
14054,70,0.603372522522522,0,0,0,"NBCD_MZ05_BAW_height.tif"
14062,28,0.181764975965538,0,0,0,"NBCD_MZ13_BAW_height.tif"
14071,74,0.551564270517498,0,0,0,"NBCD_MZ03_BAW_height.tif"
14074,60,0.85721911714017,177,207.857142857143,861.142857142857,"NBCD_MZ03_BAW_height.tif"
14076,41,0.41660253164557,0,0,0,"NBCD_MZ12_BAW_height.tif"
14077,59,0.80644316872428,0,50.5,10201,"NBCD_MZ07_BAW_height.tif"
14080,37,0.626360824561404,0,0,0,"NBCD_MZ05_BAW_height.tif"
14082,81,0.632213333333333,0,0,0,"NBCD_MZ06_BAW_height.tif"
14088,25,0.156670306061013,0,0,0,"NBCD_MZ13_BAW_height.tif"
14097,59,0.618376576576577,0,0,0,"NBCD_MZ05_BAW_height.tif"
14098,68,0.616406578947368,0,0,0,"NBCD_MZ05_BAW_height.tif"
14106,73,0.544056481481481,0,0,0,"NBCD_MZ04_BAW_height.tif"
14108,64,0.601509778225806,0,96.4,7844.3,"NBCD_MZ04_BAW_height.tif"
14140,25,0.427074178403756,0,0,0,"NBCD_MZ04_BAW_height.tif"
14153,65,0.668291891891892,0,65.5,5726.33333333333,"NBCD_MZ06_BAW_height.tif"
14155,51,0.591647887323944,0,0,0,"NBCD_MZ05_BAW_height.tif"
14156,72,0.728114666666667,150,186.4,2028.3,"NBCD_MZ06_BAW_height.tif"
14162,39,0.289132996996997,0,0,0,"NBCD_MZ12_BAW_height.tif"
14164,70,0.843319736842105,0,139.333333333333,13115.4666666667,"NBCD_MZ03_BAW_height.tif"
14166,51,0.693537179487179,0,80.1666666666667,3868.16666666667,"NBCD_MZ07_BAW_height.tif"
14168,82,0.690091025641026,0,0,0,"NBCD_MZ07_BAW_height.tif"
14173,62,0.508035585299235,0,0,0,"NBCD_MZ04_BAW_height.tif"
14176,56,0.497580341880342,0,0,0,"NBCD_MZ07_BAW_height.tif"
14184,64,0.740264840182648,168,152.75,107.583333333333,"NBCD_MZ06_BAW_height.tif"
14185,68,0.841927705627706,160,68.2857142857143,7261.90476190476,"NBCD_MZ06_BAW_height.tif"
14186,67,0.710225883040936,189,202.8,230.2,"NBCD_MZ03_BAW_height.tif"
14188,72,0.799410810810811,0,0,0,"NBCD_MZ06_BAW_height.tif"
14189,75,0.623243981481482,149,150.714285714286,102.904761904762,"NBCD_MZ04_BAW_height.tif"
14193,71,0.626427228583741,0,0,0,"NBCD_MZ03_BAW_height.tif"
14201,60,0.771462337662338,161,114,8004.4,"NBCD_MZ06_BAW_height.tif"
14205,80,0.679138434214265,0,64.4285714285714,12767.2857142857,"NBCD_MZ06_BAW_height.tif"
14308,52,0.791626754385965,207,213.5,376.3,"NBCD_MZ06_BAW_height.tif"
14404,56,0.859870062977958,170,86.25,9922.91666666667,"NBCD_MZ07_BAW_height.tif"
14409,61,0.882373143961302,159,176.428571428571,416.952380952381,"NBCD_MZ03_BAW_height.tif"
14411,77,0.732706666666667,0,92.8,16171.7,"NBCD_MZ03_BAW_height.tif"
14414,56,0.714513924050633,0,63.1666666666667,9684.96666666667,"NBCD_MZ06_BAW_height.tif"
14417,69,0.663166271751203,140,67.5,5477.5,"NBCD_MZ06_BAW_height.tif"
14418,76,0.786042222222222,0,24.5,3601.5,"NBCD_MZ06_BAW_height.tif"
14419,53,0.791453153153153,136,150,291.333333333333,"NBCD_MZ06_BAW_height.tif"
14421,60,0.604183783783784,0,0,0,"NBCD_MZ06_BAW_height.tif"
14422,73,0.648228767123288,0,51.8333333333333,6532.16666666667,"NBCD_MZ06_BAW_height.tif"
14423,64,0.471122026604069,0,25.6666666666667,3952.66666666667,"NBCD_MZ06_BAW_height.tif"
14432,71,0.689196444444444,0,0,0,"NBCD_MZ03_BAW_height.tif"
14434,60,0.729846748538012,167,181.833333333333,648.566666666667,"NBCD_MZ06_BAW_height.tif"
14435,55,0.890588508186609,0,0,0,"NBCD_MZ03_BAW_height.tif"
17004,54,0.608667982456141,0,0,0,"NBCD_MZ33_BAW_height.tif"
17008,73,0.454759555555555,0,0,0,"NBCD_MZ23_BAW_height.tif"
17009,74,0.755821367521367,0,0,0,"NBCD_MZ23_BAW_height.tif"
17009,74,0.755821367521367,0,0,0,"NBCD_MZ28_BAW_height.tif"
17011,66,0.605615789473684,68,11.3333333333333,770.666666666667,"NBCD_MZ28_BAW_height.tif"
17012,50,0.474632456140351,0,0,0,"NBCD_MZ27_BAW_height.tif"
17013,26,0.406284415584416,0,0,0,"NBCD_MZ33_BAW_height.tif"
17016,62,0.693125438596491,56,68.8333333333333,492.166666666667,"NBCD_MZ23_BAW_height.tif"
17017,81,0.624529223744292,0,0,0,"NBCD_MZ23_BAW_height.tif"
17031,69,0.451512820512821,0,0,0,"NBCD_MZ23_BAW_height.tif"
17032,66,0.616198268398268,0,0,0,"NBCD_MZ23_BAW_height.tif"
17033,32,0.711598333333333,0,0,0,"NBCD_MZ28_BAW_height.tif"
17040,55,0.681304273504274,0,49,5762.8,"NBCD_MZ28_BAW_height.tif"
17046,66,0.640094366197183,0,18.6666666666667,2090.66666666667,"NBCD_MZ23_BAW_height.tif"
17047,48,0.622283333333333,80,74.3333333333333,1541.06666666667,"NBCD_MZ23_BAW_height.tif"
17047,48,0.622283333333333,87,70.8333333333333,1207.76666666667,"NBCD_MZ28_BAW_height.tif"
17052,66,0.749001731601731,0,0,0,"NBCD_MZ28_BAW_height.tif"
17055,43,0.444098122065728,0,0,0,"NBCD_MZ28_BAW_height.tif"
17056,35,0.466088596491228,0,0,0,"NBCD_MZ27_BAW_height.tif"
17057,68,0.39367027027027,0,0,0,"NBCD_MZ27_BAW_height.tif"
17058,27,0.405549099099099,0,0,0,"NBCD_MZ33_BAW_height.tif"
17202,55,0.782944017094017,0,0,0,"NBCD_MZ28_BAW_height.tif"
17203,50,0.750300761685572,0,27.5,1817.5,"NBCD_MZ28_BAW_height.tif"
17209,72,0.748128888888889,66,58.4285714285714,730.619047619048,"NBCD_MZ23_BAW_height.tif"
17209,72,0.748128888888889,68,69.4285714285714,1011.95238095238,"NBCD_MZ28_BAW_height.tif"
17213,25,0.428198290598291,0,0,0,"NBCD_MZ27_BAW_height.tif"
17213,25,0.428198290598291,0,0,0,"NBCD_MZ33_BAW_height.tif"
17216,66,0.718884474885845,0,0,0,"NBCD_MZ23_BAW_height.tif"
17218,60,0.529498290598291,0,0,0,"NBCD_MZ27_BAW_height.tif"
17218,60,0.529498290598291,0,0,0,"NBCD_MZ28_BAW_height.tif"
17221,41,0.413801333333333,0,0,0,"NBCD_MZ27_BAW_height.tif"
17222,69,0.755542105263158,0,66.5,2688.3,"NBCD_MZ28_BAW_height.tif"
17301,49,0.382947435897436,0,0,0,"NBCD_MZ23_BAW_height.tif"
17302,46,0.415005701754386,0,0,0,"NBCD_MZ23_BAW_height.tif"
17304,57,0.618261842105263,0,46.4,4149.3,"NBCD_MZ28_BAW_height.tif"
17305,39,0.486716239316239,0,0,0,"NBCD_MZ33_BAW_height.tif"
17308,57,0.444058008658009,0,0,0,"NBCD_MZ23_BAW_height.tif"
17309,70,0.806014912280702,0,0,0,"NBCD_MZ28_BAW_height.tif"
17312,36,0.41797316017316,0,0,0,"NBCD_MZ33_BAW_height.tif"
17313,33,0.454720888888889,0,0,0,"NBCD_MZ33_BAW_height.tif"
17315,55,0.590340990990991,49,47,3.33333333333333,"NBCD_MZ23_BAW_height.tif"
17316,59,0.673424561403509,40,20.8333333333333,524.166666666667,"NBCD_MZ23_BAW_height.tif"
17318,54,0.538512,0,0,0,"NBCD_MZ28_BAW_height.tif"
17322,60,0.505643518518519,0,41.5,4134.3,"NBCD_MZ23_BAW_height.tif"
17351,68,0.347526495726496,0,0,0,"NBCD_MZ23_BAW_height.tif"
17353,54,0.70284025974026,0,96.5,4155,"NBCD_MZ28_BAW_height.tif"
17362,61,0.542704166666667,51,67.8,1096.7,"NBCD_MZ27_BAW_height.tif"
17367,55,0.622811111111111,0,0,0,"NBCD_MZ28_BAW_height.tif"
17372,63,0.597972888888889,0,0,0,"NBCD_MZ15_BAW_height.tif"
17372,63,0.597972888888889,0,0,0,"NBCD_MZ23_BAW_height.tif"
17372,63,0.597972888888889,0,0,0,"NBCD_MZ28_BAW_height.tif"
18003,70,0.897179033101402,183,179.714285714286,18.5714285714286,"NBCD_MZ65_BAW_height.tif"
18008,78,0.898537763255939,171,117.166666666667,8244.56666666667,"NBCD_MZ65_BAW_height.tif"
18009,83,0.917120066784481,210,208.166666666667,19.3666666666667,"NBCD_MZ65_BAW_height.tif"
18012,84,0.91908208216251,183,104.142857142857,9516.47619047619,"NBCD_MZ65_BAW_height.tif"
18102,72,0.903535207399799,179,180.333333333333,8.66666666666667,"NBCD_MZ65_BAW_height.tif"
21002,60,0.776323684210526,0,0,0,"NBCD_MZ60_BAW_height.tif"
21003,80,0.741274761559315,0,0,0,"NBCD_MZ60_BAW_height.tif"
21105,66,0.748655089428116,0,41.8333333333333,4202.56666666667,"NBCD_MZ60_BAW_height.tif"
21108,69,0.790609289594248,0,0,0,"NBCD_MZ60_BAW_height.tif"
21109,70,0.755241994964959,0,24.1666666666667,3504.16666666667,"NBCD_MZ60_BAW_height.tif"
25001,62,0.765007352941176,0,0,0,"NBCD_MZ46_BAW_height.tif"
25002,39,0.583526097758433,0,64,6408.33333333333,"NBCD_MZ46_BAW_height.tif"
25003,54,0.602716799398785,0,0,0,"NBCD_MZ46_BAW_height.tif"
25004,60,0.772662254901961,0,43.5,4541.5,"NBCD_MZ46_BAW_height.tif"
25005,53,0.754886868686869,135,133.166666666667,174.566666666667,"NBCD_MZ46_BAW_height.tif"
25006,51,0.807095897435897,0,86.5,8997.9,"NBCD_MZ55_BAW_height.tif"
25009,54,0.592127861575184,144,145.2,82.7,"NBCD_MZ46_BAW_height.tif"
25014,46,0.709347296494355,0,0,0,"NBCD_MZ55_BAW_height.tif"
25015,51,0.719307605175821,160,175.75,130.916666666667,"NBCD_MZ55_BAW_height.tif"
25017,38,0.695310945273632,0,0,0,"NBCD_MZ56_BAW_height.tif"
25018,44,0.685771644600202,0,85.4285714285714,6463.95238095238,"NBCD_MZ55_BAW_height.tif"
25020,48,0.696059895833333,150,129.166666666667,4202.56666666667,"NBCD_MZ56_BAW_height.tif"
25021,46,0.723368599033816,183,103.142857142857,9388.14285714286,"NBCD_MZ55_BAW_height.tif"
25022,42,0.70236815920398,170,145,5276,"NBCD_MZ56_BAW_height.tif"
25023,47,0.723070707070707,147,141.5,5039.5,"NBCD_MZ56_BAW_height.tif"
25024,45,0.735263184079602,0,46.5,5201.5,"NBCD_MZ56_BAW_height.tif"
25025,39,0.67491015250706,116,39.3333333333333,3714.66666666667,"NBCD_MZ56_BAW_height.tif"
25026,33,0.678982828282828,0,0,0,"NBCD_MZ56_BAW_height.tif"
25027,42,0.671916666666667,0,0,0,"NBCD_MZ56_BAW_height.tif"
25028,33,0.554476212468418,97,97,0.666666666666667,"NBCD_MZ56_BAW_height.tif"
25031,43,0.659693903856942,0,35.5,3032.7,"NBCD_MZ56_BAW_height.tif"
25037,53,0.73834068627451,180,176.166666666667,98.5666666666667,"NBCD_MZ55_BAW_height.tif"
25052,55,0.676040530795904,174,109.666666666667,7285.86666666667,"NBCD_MZ46_BAW_height.tif"
25053,49,0.734534299516908,178,139.833333333333,4732.96666666667,"NBCD_MZ46_BAW_height.tif"
25062,56,0.636981021084818,0,0,0,"NBCD_MZ55_BAW_height.tif"
25063,51,0.738092929292929,202,148,5457.6,"NBCD_MZ55_BAW_height.tif"
25066,45,0.731835294117647,0,16.4285714285714,1889.28571428571,"NBCD_MZ56_BAW_height.tif"
25067,37,0.70436523032523,0,0,0,"NBCD_MZ56_BAW_height.tif"
25071,38,0.696955721393035,0,0,0,"NBCD_MZ56_BAW_height.tif"
25073,43,0.705004102564102,135,113,3066.4,"NBCD_MZ56_BAW_height.tif"
25074,31,0.688246073108657,0,0,0,"NBCD_MZ56_BAW_height.tif"
25081,25,0.741560696517413,0,0,0,"NBCD_MZ56_BAW_height.tif"
25084,55,0.740532709447415,0,25.5,3901.5,"NBCD_MZ55_BAW_height.tif"
25086,37,0.671578094376602,0,17.6666666666667,1872.66666666667,"NBCD_MZ56_BAW_height.tif"
25087,27,0.577636829463114,0,42.6,3780.8,"NBCD_MZ56_BAW_height.tif"
25113,46,0.736144776119403,172,179.833333333333,21.7666666666667,"NBCD_MZ55_BAW_height.tif"
25129,39,0.685713131313131,0,0,0,"NBCD_MZ56_BAW_height.tif"
25132,31,0.586266699033934,0,12.8333333333333,988.166666666667,"NBCD_MZ56_BAW_height.tif"
25135,28,0.48123767307424,0,64.8333333333333,2560.96666666667,"NBCD_MZ56_BAW_height.tif"
25172,42,0.725930256410256,0,23.6,2784.8,"NBCD_MZ56_BAW_height.tif"
25175,27,0.63294603046824,0,0,0,"NBCD_MZ56_BAW_height.tif"
25180,23,0.389970467432855,0,47.8333333333333,5491.36666666667,"NBCD_MZ56_BAW_height.tif"
27001,51,0.673763884664622,151,152.6,49.8,"NBCD_MZ55_BAW_height.tif"
27007,54,0.749138888888889,159,95.5,5785.9,"NBCD_MZ55_BAW_height.tif"
27009,68,0.79470234741784,181,195,248.5,"NBCD_MZ55_BAW_height.tif"
27010,65,0.780771641791045,170,57,7798,"NBCD_MZ55_BAW_height.tif"
27014,54,0.770928502415459,0,0,0,"NBCD_MZ55_BAW_height.tif"
27015,63,0.813158823529412,134,131.142857142857,3647.80952380952,"NBCD_MZ54_BAW_height.tif"
27020,63,0.813932352941176,0,71.4,9613.8,"NBCD_MZ54_BAW_height.tif"
27021,57,0.758086384976526,0,79.6,11898.3,"NBCD_MZ55_BAW_height.tif"
27027,76,0.791063201058201,155,170.333333333333,251.466666666667,"NBCD_MZ54_BAW_height.tif"
27031,59,0.818139906103286,0,0,0,"NBCD_MZ54_BAW_height.tif"
27032,66,0.766207042253521,0,0,0,"NBCD_MZ54_BAW_height.tif"
27032,66,0.766207042253521,0,0,0,"NBCD_MZ55_BAW_height.tif"
27033,60,0.767222380952381,185,146.6,6887.3,"NBCD_MZ55_BAW_height.tif"
27036,70,0.819311896828335,0,0,0,"NBCD_MZ54_BAW_height.tif"
27041,69,0.860340181445712,212,205.75,128.25,"NBCD_MZ57_BAW_height.tif"
27044,65,0.758172677708765,173,43.25,7482.25,"NBCD_MZ54_BAW_height.tif"
27045,70,0.808013145539906,0,25.8333333333333,4004.16666666667,"NBCD_MZ54_BAW_height.tif"
27046,62,0.816742857142857,0,30.3333333333333,5520.66666666667,"NBCD_MZ54_BAW_height.tif"
27047,64,0.800802415458937,0,31,4805,"NBCD_MZ54_BAW_height.tif"
27048,66,0.798914492753623,169,168.5,49.9,"NBCD_MZ55_BAW_height.tif"
27050,65,0.78031862745098,135,149.285714285714,531.571428571429,"NBCD_MZ55_BAW_height.tif"
27051,62,0.769346948356807,0,0,0,"NBCD_MZ55_BAW_height.tif"
27054,59,0.759342512077295,0,0,0,"NBCD_MZ55_BAW_height.tif"
27057,62,0.812215422885572,0,37.6,7068.8,"NBCD_MZ55_BAW_height.tif"
27111,57,0.772440196078431,190,158.666666666667,6081.06666666667,"NBCD_MZ55_BAW_height.tif"
27123,67,0.80873097826087,0,89,10562,"NBCD_MZ54_BAW_height.tif"
33002,66,0.874797876134601,205,197.666666666667,565.066666666667,"NBCD_MZ10_BAW_height.tif"
33013,60,0.54115140562249,0,0,0,"NBCD_MZ10_BAW_height.tif"
33013,60,0.54115140562249,0,0,0,"NBCD_MZ19_BAW_height.tif"
33014,58,0.591304471544716,0,0,0,"NBCD_MZ19_BAW_height.tif"
33020,36,0.406879518072289,0,0,0,"NBCD_MZ10_BAW_height.tif"
33020,36,0.406879518072289,0,0,0,"NBCD_MZ18_BAW_height.tif"
33021,39,0.602636625514403,0,0,0,"NBCD_MZ18_BAW_height.tif"
33025,78,0.550196052631579,134,81.25,9343.58333333333,"NBCD_MZ18_BAW_height.tif"
33027,39,0.678938683127572,0,0,0,"NBCD_MZ18_BAW_height.tif"
33029,86,0.908631297784061,0,0,0,"NBCD_MZ10_BAW_height.tif"
33111,69,0.764055436546576,173,113.333333333333,8099.06666666667,"NBCD_MZ10_BAW_height.tif"
33128,45,0.765764658634538,0,0,0,"NBCD_MZ21_BAW_height.tif"
33208,60,0.796213414634146,0,52.1666666666667,6553.76666666667,"NBCD_MZ10_BAW_height.tif"
33209,42,0.66881967871486,0,0,0,"NBCD_MZ10_BAW_height.tif"
33212,56,0.740465416666667,0,0,0,"NBCD_MZ10_BAW_height.tif"
33217,60,0.409534156378601,0,0,0,"NBCD_MZ18_BAW_height.tif"
33218,77,0.554562025316456,0,52,6649.6,"NBCD_MZ10_BAW_height.tif"
33219,40,0.503049794238683,0,0,0,"NBCD_MZ10_BAW_height.tif"
33220,25,0.416864912280702,0,0,0,"NBCD_MZ10_BAW_height.tif"
33220,25,0.416864912280702,0,0,0,"NBCD_MZ18_BAW_height.tif"
33222,52,0.795109282700422,0,0,0,"NBCD_MZ18_BAW_height.tif"
34014,59,0.765926567876568,0,0,0,"NBCD_MZ49_BAW_height.tif"
34025,64,0.879417748917749,0,26.5,4213.5,"NBCD_MZ49_BAW_height.tif"
34038,64,0.892428138528139,168,85.25,9694.25,"NBCD_MZ49_BAW_height.tif"
34044,58,0.839901731601732,0,0,0,"NBCD_MZ49_BAW_height.tif"
34051,65,0.804564035087719,0,0,0,"NBCD_MZ49_BAW_height.tif"
34060,68,0.809350900900901,0,0,0,"NBCD_MZ49_BAW_height.tif"
34061,72,0.80357899543379,0,0,0,"NBCD_MZ49_BAW_height.tif"
34063,76,0.799347488584475,0,72.8,9937.7,"NBCD_MZ47_BAW_height.tif"
34063,76,0.799347488584475,0,63,7443,"NBCD_MZ49_BAW_height.tif"
34065,60,0.873072839506173,0,0,0,"NBCD_MZ49_BAW_height.tif"
34080,76,0.783825974025974,0,0,0,"NBCD_MZ49_BAW_height.tif"
35016,58,0.797264502164502,0,0,0,"NBCD_MZ52_BAW_height.tif"
35022,62,0.854847619047619,0,0,0,"NBCD_MZ47_BAW_height.tif"
35023,77,0.8618063771518,0,32.1666666666667,6208.16666666667,"NBCD_MZ47_BAW_height.tif"
35035,73,0.840023530109056,234,220.25,148.916666666667,"NBCD_MZ47_BAW_height.tif"
35037,80,0.850713877934272,0,0,0,"NBCD_MZ47_BAW_height.tif"
35038,83,0.833453257444209,0,0,0,"NBCD_MZ47_BAW_height.tif"
35039,80,0.82540706956957,182,187.833333333333,121.366666666667,"NBCD_MZ47_BAW_height.tif"
35101,55,0.810485915492958,0,0,0,"NBCD_MZ49_BAW_height.tif"
35117,54,0.796854545454545,0,0,0,"NBCD_MZ52_BAW_height.tif"
35302,66,0.828346564280049,0,26.8333333333333,4320.16666666667,"NBCD_MZ49_BAW_height.tif"
35303,71,0.825916666666667,0,0,0,"NBCD_MZ51_BAW_height.tif"
35306,59,0.805077777777778,0,0,0,"NBCD_MZ52_BAW_height.tif"
35308,58,0.759361471861472,0,0,0,"NBCD_MZ52_BAW_height.tif"
35309,77,0.858763596491228,0,0,0,"NBCD_MZ52_BAW_height.tif"
35312,74,0.818071240740741,0,0,0,"NBCD_MZ52_BAW_height.tif"
35313,71,0.832305194805195,0,0,0,"NBCD_MZ47_BAW_height.tif"
35314,70,0.851784,0,33.3333333333333,6666.66666666667,"NBCD_MZ47_BAW_height.tif"
35315,74,0.844708771929825,0,30.8333333333333,5704.16666666667,"NBCD_MZ47_BAW_height.tif"
35316,63,0.812690812865497,0,46.75,8742.25,"NBCD_MZ47_BAW_height.tif"
36016,54,0.872333814778751,0,0,0,"NBCD_MZ42_BAW_height.tif"
36028,55,0.868521052631579,0,0,0,"NBCD_MZ38_BAW_height.tif"
36028,55,0.868521052631579,0,0,0,"NBCD_MZ39_BAW_height.tif"
36028,55,0.868521052631579,0,0,0,"NBCD_MZ42_BAW_height.tif"
38010,52,0.526324074074074,0,0,0,"NBCD_MZ38_BAW_height.tif"
38013,68,0.764110087719298,0,0,0,"NBCD_MZ43_BAW_height.tif"
38014,65,0.777322807017544,0,0,0,"NBCD_MZ43_BAW_height.tif"
38015,69,0.751460256410256,0,0,0,"NBCD_MZ43_BAW_height.tif"
38016,69,0.69743698630137,0,0,0,"NBCD_MZ38_BAW_height.tif"
38017,54,0.741314666666667,0,0,0,"NBCD_MZ43_BAW_height.tif"
38019,60,0.673935111111111,0,0,0,"NBCD_MZ38_BAW_height.tif"
38021,67,0.619830701754386,0,0,0,"NBCD_MZ38_BAW_height.tif"
38027,69,0.78401052631579,0,0,0,"NBCD_MZ43_BAW_height.tif"
38030,61,0.747037229437229,0,0,0,"NBCD_MZ38_BAW_height.tif"
38035,40,0.561229824561403,0,0,0,"NBCD_MZ38_BAW_height.tif"
38302,59,0.721865315315315,0,0,0,"NBCD_MZ43_BAW_height.tif"
38303,60,0.759225108225108,0,0,0,"NBCD_MZ43_BAW_height.tif"
38304,59,0.595453153153153,0,0,0,"NBCD_MZ38_BAW_height.tif"
38305,53,0.619844444444444,0,0,0,"NBCD_MZ38_BAW_height.tif"
38307,39,0.662912280701754,0,0,0,"NBCD_MZ33_BAW_height.tif"
38310,70,0.76498963963964,0,0,0,"NBCD_MZ43_BAW_height.tif"
38312,52,0.641781081081081,0,0,0,"NBCD_MZ38_BAW_height.tif"
38313,49,0.550025225225225,0,0,0,"NBCD_MZ38_BAW_height.tif"
38315,26,0.470968444444444,0,0,0,"NBCD_MZ33_BAW_height.tif"
38318,77,0.763557333333333,0,20.5,2521.5,"NBCD_MZ38_BAW_height.tif"
38323,36,0.487726068376068,0,0,0,"NBCD_MZ33_BAW_height.tif"
39001,78,0.854580669240669,0,0,0,"NBCD_MZ53_BAW_height.tif"
39003,64,0.816689814814815,0,48,9216,"NBCD_MZ47_BAW_height.tif"
39006,62,0.797504954954955,0,157.333333333333,6055.06666666667,"NBCD_MZ47_BAW_height.tif"
39009,68,0.849950177574835,0,100.833333333333,12258.5666666667,"NBCD_MZ53_BAW_height.tif"
39010,70,0.852652966759863,0,34.3333333333333,7072.66666666667,"NBCD_MZ53_BAW_height.tif"
39021,67,0.834015811574286,0,0,0,"NBCD_MZ47_BAW_height.tif"
39025,78,0.829313255360624,0,0,0,"NBCD_MZ47_BAW_height.tif"
39026,73,0.797898818383601,0,0,0,"NBCD_MZ47_BAW_height.tif"
39028,76,0.819990679133145,0,0,0,"NBCD_MZ47_BAW_height.tif"
39036,77,0.817769565217391,0,27,5103,"NBCD_MZ47_BAW_height.tif"
39044,69,0.809387339230817,0,46.25,8556.25,"NBCD_MZ47_BAW_height.tif"
39107,72,0.799067391304348,0,0,0,"NBCD_MZ47_BAW_height.tif"
42015,55,0.646332709177103,0,0,0,"NBCD_MZ37a_BAW_height.tif"
42016,61,0.787948529411765,197,167.428571428571,6071.95238095238,"NBCD_MZ37a_BAW_height.tif"
42023,60,0.803602380405664,0,0,0,"NBCD_MZ45_BAW_height.tif"
42027,65,0.816051741293532,215,214,76,"NBCD_MZ37a_BAW_height.tif"
42059,64,0.792552526455026,129,117.666666666667,3582.66666666667,"NBCD_MZ37a_BAW_height.tif"
42062,59,0.815485990338164,161,123.5,6967,"NBCD_MZ37a_BAW_height.tif"
42101,37,0.553036713679316,0,0,0,"NBCD_MZ37b_BAW_height.tif"
42119,64,0.802421532045654,0,0,0,"NBCD_MZ37a_BAW_height.tif"
42128,52,0.797277934272301,0,0,0,"NBCD_MZ37a_BAW_height.tif"
42137,62,0.805115788703541,0,0,0,"NBCD_MZ37a_BAW_height.tif"
42221,62,0.793283873259449,155,107.333333333333,7033.46666666667,"NBCD_MZ37a_BAW_height.tif"
44001,59,0.834284844699976,0,0,0,"NBCD_MZ66_BAW_height.tif"
44003,76,0.827284055873332,0,0,0,"NBCD_MZ66_BAW_height.tif"
44004,53,0.815070995655721,0,0,0,"NBCD_MZ66_BAW_height.tif"
44006,76,0.894418647859422,0,0,0,"NBCD_MZ66_BAW_height.tif"
44007,80,0.904990229324352,0,27.6666666666667,4592.66666666667,"NBCD_MZ66_BAW_height.tif"
44010,83,0.907512105629992,0,54.5,7136.7,"NBCD_MZ66_BAW_height.tif"
44012,77,0.916021715740231,0,48.3333333333333,5655.06666666667,"NBCD_MZ66_BAW_height.tif"
44013,80,0.917699934210526,0,21.7142857142857,3300.57142857143,"NBCD_MZ66_BAW_height.tif"
44019,85,0.917585782648966,0,0,0,"NBCD_MZ66_BAW_height.tif"
44026,81,0.886920932175075,0,0,0,"NBCD_MZ66_BAW_height.tif"
44031,81,0.903393858932722,149,124.333333333333,3723.86666666667,"NBCD_MZ66_BAW_height.tif"
44032,78,0.909046401435478,0,0,0,"NBCD_MZ66_BAW_height.tif"
44033,76,0.912305613014437,0,0,0,"NBCD_MZ66_BAW_height.tif"
44035,67,0.886698469075966,174,43.5,7569,"NBCD_MZ66_BAW_height.tif"
44041,67,0.894066043318442,0,0,0,"NBCD_MZ66_BAW_height.tif"
44050,62,0.891516354986106,0,107.5,6988.3,"NBCD_MZ66_BAW_height.tif"
44051,81,0.897308096136918,0,0,0,"NBCD_MZ66_BAW_height.tif"
44056,71,0.892864174592442,0,26.3333333333333,4160.66666666667,"NBCD_MZ66_BAW_height.tif"
44060,79,0.915620244526828,126,126.75,26.25,"NBCD_MZ66_BAW_height.tif"
44117,74,0.740661587478897,0,0,0,"NBCD_MZ66_BAW_height.tif"
44120,84,0.920410387039642,0,0,0,"NBCD_MZ66_BAW_height.tif"
46003,83,0.87600641025641,0,0,0,"NBCD_MZ61_BAW_height.tif"
46004,67,0.870393939393939,158,161.666666666667,15.8666666666667,"NBCD_MZ61_BAW_height.tif"
46005,68,0.875434199134199,168,152.166666666667,5776.96666666667,"NBCD_MZ61_BAW_height.tif"
46007,77,0.803522258258258,0,0,0,"NBCD_MZ61_BAW_height.tif"
46008,74,0.806244555555556,0,0,0,"NBCD_MZ61_BAW_height.tif"
46009,72,0.799648945147679,0,0,0,"NBCD_MZ60_BAW_height.tif"
46009,72,0.799648945147679,0,0,0,"NBCD_MZ61_BAW_height.tif"
46011,76,0.794615853353353,128,43.8333333333333,4616.16666666667,"NBCD_MZ60_BAW_height.tif"
46012,50,0.792768888888889,0,62.1666666666667,9328.16666666667,"NBCD_MZ60_BAW_height.tif"
46016,65,0.798267959671907,0,31.8333333333333,6080.16666666667,"NBCD_MZ60_BAW_height.tif"
46017,68,0.808740918128655,237,78.8333333333333,14915.3666666667,"NBCD_MZ60_BAW_height.tif"
46019,60,0.768301063931327,135,44.5,4753.5,"NBCD_MZ60_BAW_height.tif"
46020,74,0.756744111031734,196,163,8868,"NBCD_MZ60_BAW_height.tif"
46022,61,0.773425414879668,0,0,0,"NBCD_MZ60_BAW_height.tif"
46024,69,0.757609529977346,167,139.6,6194.8,"NBCD_MZ60_BAW_height.tif"
46027,70,0.66562422387306,0,109.333333333333,7323.06666666667,"NBCD_MZ60_BAW_height.tif"
46028,64,0.79655448048048,0,23.3333333333333,3266.66666666667,"NBCD_MZ60_BAW_height.tif"
46029,68,0.750735484273747,0,0,0,"NBCD_MZ60_BAW_height.tif"
46030,70,0.824135048747377,141,142.833333333333,202.966666666667,"NBCD_MZ60_BAW_height.tif"
46031,74,0.823238430211033,151,162.666666666667,556.666666666667,"NBCD_MZ60_BAW_height.tif"
46032,70,0.799227504273504,0,0,0,"NBCD_MZ60_BAW_height.tif"
46033,71,0.785249149149149,209,209,16.5,"NBCD_MZ60_BAW_height.tif"
46036,64,0.716203876609486,153,168,260.4,"NBCD_MZ60_BAW_height.tif"
46037,72,0.68837974519957,0,34.8,6055.2,"NBCD_MZ60_BAW_height.tif"
46041,67,0.622096617867754,0,31.2,4867.2,"NBCD_MZ60_BAW_height.tif"
46042,76,0.600529043467712,137,145.5,51.1,"NBCD_MZ60_BAW_height.tif"
46043,70,0.62655099455419,0,45,8100,"NBCD_MZ60_BAW_height.tif"
46044,66,0.758441033033033,0,0,0,"NBCD_MZ60_BAW_height.tif"
46046,64,0.738352567372708,0,0,0,"NBCD_MZ60_BAW_height.tif"
46047,69,0.688984536499121,0,53,5387,"NBCD_MZ60_BAW_height.tif"
46048,68,0.752181364029485,237,221.5,145,"NBCD_MZ60_BAW_height.tif"
46053,83,0.874691774891775,189,191.714285714286,63.9047619047619,"NBCD_MZ61_BAW_height.tif"
46054,73,0.868526406926407,167,163.571428571429,139.952380952381,"NBCD_MZ61_BAW_height.tif"
46055,78,0.869360588972431,185,192.333333333333,278.666666666667,"NBCD_MZ61_BAW_height.tif"
46102,76,0.875363596491228,196,192.666666666667,159.466666666667,"NBCD_MZ61_BAW_height.tif"
46112,75,0.814469374269006,0,20.8333333333333,2604.16666666667,"NBCD_MZ60_BAW_height.tif"
46121,64,0.675540092475082,0,90.2857142857143,7172.90476190476,"NBCD_MZ60_BAW_height.tif"
46123,74,0.706299177979349,151,162,64.6666666666667,"NBCD_MZ60_BAW_height.tif"
46150,71,0.738634690857351,0,0,0,"NBCD_MZ60_BAW_height.tif"
47001,52,0.547704899769374,168,138.333333333333,4645.06666666667,"NBCD_MZ65_BAW_height.tif"
47011,59,0.86214330341004,162,166.833333333333,57.7666666666667,"NBCD_MZ65_BAW_height.tif"
47014,71,0.90298930948331,184,132.25,7810.91666666667,"NBCD_MZ65_BAW_height.tif"
47015,79,0.903519646588884,0,130.75,7641.58333333333,"NBCD_MZ65_BAW_height.tif"
47018,79,0.916262826803998,0,0,0,"NBCD_MZ65_BAW_height.tif"
47019,85,0.91242727892444,0,0,0,"NBCD_MZ65_BAW_height.tif"
47021,83,0.919015225400479,204,203.6,20.3,"NBCD_MZ65_BAW_height.tif"
47022,81,0.918402231718898,190,186.166666666667,6.16666666666667,"NBCD_MZ65_BAW_height.tif"
47102,60,0.562279771114234,0,0,0,"NBCD_MZ65_BAW_height.tif"
47112,73,0.907811733945067,175,144,6517,"NBCD_MZ65_BAW_height.tif"
49004,74,0.816060174232379,162,161.8,43.7,"NBCD_MZ51_BAW_height.tif"
49012,85,0.807702817932342,156,154,32,"NBCD_MZ51_BAW_height.tif"
49015,73,0.913375367748492,0,22.5,3037.5,"NBCD_MZ51_BAW_height.tif"
49017,83,0.794144403711239,0,0,0,"NBCD_MZ51_BAW_height.tif"
49018,74,0.798969749176606,0,0,0,"NBCD_MZ51_BAW_height.tif"
49021,75,0.763360996514054,0,130.5,7581.66666666667,"NBCD_MZ51_BAW_height.tif"
49024,73,0.822062133609381,0,41.5,4133.5,"NBCD_MZ51_BAW_height.tif"
49035,73,0.854763247863248,0,0,0,"NBCD_MZ51_BAW_height.tif"
49036,72,0.851372083333333,184,183.833333333333,198.566666666667,"NBCD_MZ51_BAW_height.tif"
49037,86,0.837618641975309,0,0,0,"NBCD_MZ51_BAW_height.tif"
49038,75,0.854257604191851,0,0,0,"NBCD_MZ51_BAW_height.tif"
49045,88,0.889406079059829,0,0,0,"NBCD_MZ51_BAW_height.tif"
49048,84,0.888495850066934,0,0,0,"NBCD_MZ51_BAW_height.tif"
49070,81,0.751350387459119,0,0,0,"NBCD_MZ51_BAW_height.tif"
49131,81,0.883686567008776,220,210,197.333333333333,"NBCD_MZ51_BAW_height.tif"
49165,71,0.810898765432099,0,0,0,"NBCD_MZ51_BAW_height.tif"
49166,63,0.735905816405816,178,169.571428571429,120.285714285714,"NBCD_MZ51_BAW_height.tif"
50001,75,0.893374074074074,0,0,0,"NBCD_MZ42_BAW_height.tif"
50009,70,0.826433382309727,0,53.8333333333333,6957.76666666667,"NBCD_MZ41_BAW_height.tif"
50027,74,0.842093798449612,0,0,0,"NBCD_MZ41_BAW_height.tif"
50032,55,0.809422714194875,168,177.666666666667,80.6666666666667,"NBCD_MZ41_BAW_height.tif"
50033,66,0.892373025195778,159,161,64,"NBCD_MZ41_BAW_height.tif"
50034,75,0.776098093619177,160,148.5,225.9,"NBCD_MZ41_BAW_height.tif"
50035,79,0.917990086890773,145,98.1666666666667,5812.56666666667,"NBCD_MZ41_BAW_height.tif"
50037,68,0.922381418542726,0,82.6666666666667,8290.26666666667,"NBCD_MZ41_BAW_height.tif"
50042,75,0.858776285831427,164,156.75,50.9166666666667,"NBCD_MZ41_BAW_height.tif"
50047,83,0.79121422404826,0,0,0,"NBCD_MZ41_BAW_height.tif"
50048,49,0.839820037672246,0,0,0,"NBCD_MZ41_BAW_height.tif"
50054,53,0.83887625,0,0,0,"NBCD_MZ42_BAW_height.tif"
50059,53,0.872190502136752,0,0,0,"NBCD_MZ41_BAW_height.tif"
50067,81,0.930894325160189,0,0,0,"NBCD_MZ41_BAW_height.tif"
50068,103,0.935068772378124,167,177.4,250.3,"NBCD_MZ41_BAW_height.tif"
50072,65,0.844185884929776,150,120.5,3534.3,"NBCD_MZ41_BAW_height.tif"
50073,82,0.888410291242153,146,109.333333333333,7391.86666666667,"NBCD_MZ41_BAW_height.tif"
50076,44,0.915653829953962,0,41.75,6972.25,"NBCD_MZ41_BAW_height.tif"
51009,59,0.813533823529412,177,148.5,10081.6666666667,"NBCD_MZ46_BAW_height.tif"
51010,57,0.831008571428571,0,0,0,"NBCD_MZ46_BAW_height.tif"
51030,50,0.784812745098039,0,31.1666666666667,5828.16666666667,"NBCD_MZ46_BAW_height.tif"
51101,51,0.834024378109453,0,91,9973.6,"NBCD_MZ37b_BAW_height.tif"
51101,51,0.834024378109453,0,88.6666666666667,9474.66666666667,"NBCD_MZ46_BAW_height.tif"
51113,58,0.826363257807716,143,140.714285714286,298.571428571429,"NBCD_MZ46_BAW_height.tif"
51119,58,0.766634118041583,158,170.333333333333,51.4666666666667,"NBCD_MZ46_BAW_height.tif"
51229,52,0.658330013774828,0,41.5,6889,"NBCD_MZ46_BAW_height.tif"
52001,64,0.762832367149758,0,0,0,"NBCD_MZ47_BAW_height.tif"
52002,75,0.812315942028986,156,62.5714285714286,6115.61904761905,"NBCD_MZ44_BAW_height.tif"
52008,72,0.851424200913242,150,163.25,172.916666666667,"NBCD_MZ44_BAW_height.tif"
52010,67,0.856452,0,0,0,"NBCD_MZ44_BAW_height.tif"
52011,64,0.847875,0,46.3333333333333,5152.66666666667,"NBCD_MZ44_BAW_height.tif"
52014,67,0.786455111111111,0,39.5,6241,"NBCD_MZ44_BAW_height.tif"
52016,64,0.779713333333333,0,0,0,"NBCD_MZ44_BAW_height.tif"
52019,80,0.855259210526316,0,96,7689.5,"NBCD_MZ44_BAW_height.tif"
52021,75,0.819124200913242,0,59.4,6621.8,"NBCD_MZ44_BAW_height.tif"
52052,70,0.833820720720721,179,150,5456.8,"NBCD_MZ44_BAW_height.tif"
52053,65,0.839136574074074,160,91.4285714285714,7316.61904761905,"NBCD_MZ44_BAW_height.tif"
52054,56,0.817477927927928,0,23,3174,"NBCD_MZ44_BAW_height.tif"
52062,74,0.837349074074074,0,0,0,"NBCD_MZ44_BAW_height.tif"
52067,65,0.801843722943723,0,0,0,"NBCD_MZ43_BAW_height.tif"
52109,66,0.852730092592593,0,0,0,"NBCD_MZ44_BAW_height.tif"
52131,68,0.816741991341991,0,0,0,"NBCD_MZ43_BAW_height.tif"
52317,76,0.856615315315315,0,0,0,"NBCD_MZ44_BAW_height.tif"
53002,80,0.802134924092211,0,0,0,"NBCD_MZ10_BAW_height.tif"
53002,80,0.802134924092211,0,0,0,"NBCD_MZ19_BAW_height.tif"
53003,60,0.784643735106335,0,41,4038,"NBCD_MZ19_BAW_height.tif"
53005,33,0.52728202247191,0,0,0,"NBCD_MZ20_BAW_height.tif"
53006,31,0.468034117647059,0,0,0,"NBCD_MZ20_BAW_height.tif"
53008,50,0.562020978087735,0,0,0,"NBCD_MZ20_BAW_height.tif"
53009,37,0.491183141762452,0,0,0,"NBCD_MZ20_BAW_height.tif"
53011,35,0.540443798449612,0,0,0,"NBCD_MZ30_BAW_height.tif"
53012,49,0.713814155307602,0,0,0,"NBCD_MZ30_BAW_height.tif"
53014,63,0.757519840647858,0,0,0,"NBCD_MZ19_BAW_height.tif"
53018,53,0.639669019607843,0,0,0,"NBCD_MZ20_BAW_height.tif"
53019,30,0.48966962962963,0,0,0,"NBCD_MZ20_BAW_height.tif"
53023,43,0.496337209302326,0,0,0,"NBCD_MZ30_BAW_height.tif"
53024,46,0.5821734082397,0,0,0,"NBCD_MZ30_BAW_height.tif"
53026,63,0.771812156862745,0,0,0,"NBCD_MZ19_BAW_height.tif"
53027,62,0.746040784313725,0,0,0,"NBCD_MZ19_BAW_height.tif"
53028,49,0.642428174603175,0,0,0,"NBCD_MZ19_BAW_height.tif"
53032,30,0.382106910569106,0,0,0,"NBCD_MZ20_BAW_height.tif"
53033,53,0.45066827309237,0,0,0,"NBCD_MZ29_BAW_height.tif"
53034,43,0.461746825396825,0,0,0,"NBCD_MZ29_BAW_height.tif"
53036,64,0.785203968253968,0,0,0,"NBCD_MZ10_BAW_height.tif"
53036,64,0.785203968253968,0,0,0,"NBCD_MZ19_BAW_height.tif"
53040,72,0.567325968992248,0,0,0,"NBCD_MZ20_BAW_height.tif"
53041,53,0.56484859437751,0,0,0,"NBCD_MZ29_BAW_height.tif"
53044,41,0.455118604651163,0,0,0,"NBCD_MZ29_BAW_height.tif"
53045,36,0.510813492063492,0,0,0,"NBCD_MZ29_BAW_height.tif"
53064,92,0.815054988600091,127,158.5,569,"NBCD_MZ10_BAW_height.tif"
53064,92,0.815054988600091,133,139.5,65.6666666666667,"NBCD_MZ19_BAW_height.tif"
53075,53,0.875833086431422,225,174.666666666667,7724.66666666667,"NBCD_MZ10_BAW_height.tif"
53086,60,0.784041463414634,0,65.1666666666667,10540.1666666667,"NBCD_MZ10_BAW_height.tif"
53087,65,0.702493574297189,131,137,32.4,"NBCD_MZ19_BAW_height.tif"
53101,61,0.889275816933122,0,0,0,"NBCD_MZ10_BAW_height.tif"
53138,56,0.629990763052209,0,0,0,"NBCD_MZ19_BAW_height.tif"
53176,45,0.781646184738956,152,158.833333333333,167.366666666667,"NBCD_MZ19_BAW_height.tif"
54027,47,0.667442735042735,0,0,0,"NBCD_MZ31_BAW_height.tif"
54028,53,0.685505833333333,0,0,0,"NBCD_MZ31_BAW_height.tif"
54031,48,0.651780263157895,0,0,0,"NBCD_MZ31_BAW_height.tif"
54033,32,0.43509649122807,117,59.8333333333333,4330.56666666667,"NBCD_MZ33_BAW_height.tif"
54037,55,0.608186075949367,0,0,0,"NBCD_MZ31_BAW_height.tif"
54040,48,0.495370886075949,0,0,0,"NBCD_MZ33_BAW_height.tif"
54042,35,0.597507017543859,0,0,0,"NBCD_MZ31_BAW_height.tif"
55007,30,0.250125944547287,0,0,0,"NBCD_MZ12_BAW_height.tif"
55009,41,0.274191111111111,0,0,0,"NBCD_MZ12_BAW_height.tif"
55011,31,0.385320888888889,0,16.6666666666667,667.066666666667,"NBCD_MZ12_BAW_height.tif"
55019,62,0.618308692711826,0,0,0,"NBCD_MZ06_BAW_height.tif"
55028,21,0.283421621621622,0,0,0,"NBCD_MZ12_BAW_height.tif"
55028,21,0.283421621621622,0,0,0,"NBCD_MZ17_BAW_height.tif"
55045,24,0.213287007290955,0,0,0,"NBCD_MZ12_BAW_height.tif"
55114,45,0.190248005089238,0,0,0,"NBCD_MZ12_BAW_height.tif"
58001,68,0.915612492986466,189,191.571428571429,42.6190476190476,"NBCD_MZ65_BAW_height.tif"
58003,73,0.921263903278156,178,152.285714285714,4528.90476190476,"NBCD_MZ65_BAW_height.tif"
58004,80,0.86626416815658,179,178.75,5.58333333333333,"NBCD_MZ66_BAW_height.tif"
58007,76,0.919870152946469,0,28.1666666666667,4760.16666666667,"NBCD_MZ65_BAW_height.tif"
58007,76,0.919870152946469,0,23.6666666666667,3360.66666666667,"NBCD_MZ66_BAW_height.tif"
58008,74,0.906845595515595,0,0,0,"NBCD_MZ66_BAW_height.tif"
58009,76,0.920445564597147,198,193.666666666667,26.6666666666667,"NBCD_MZ66_BAW_height.tif"
58010,72,0.910690748440748,0,0,0,"NBCD_MZ66_BAW_height.tif"
58012,76,0.918491405270186,175,173.857142857143,8.80952380952381,"NBCD_MZ66_BAW_height.tif"
58013,72,0.920716650843882,182,104,9054,"NBCD_MZ65_BAW_height.tif"
58014,80,0.919959370015949,182,183.5,7,"NBCD_MZ65_BAW_height.tif"
58017,86,0.912884036754735,0,45.7142857142857,6098.2380952381,"NBCD_MZ66_BAW_height.tif"
58018,81,0.914576338367453,0,0,0,"NBCD_MZ66_BAW_height.tif"
58019,88,0.905389052050194,0,0,0,"NBCD_MZ66_BAW_height.tif"
58020,70,0.908245921679495,0,0,0,"NBCD_MZ66_BAW_height.tif"
58021,78,0.899206326333303,174,173.25,16.9166666666667,"NBCD_MZ66_BAW_height.tif"
58102,72,0.857581337048656,178,180.5,32.3333333333333,"NBCD_MZ65_BAW_height.tif"
58116,67,0.91759017232181,0,0,0,"NBCD_MZ66_BAW_height.tif"
59003,61,0.761674624552782,0,22.3333333333333,2992.66666666667,"NBCD_MZ60_BAW_height.tif"
59010,69,0.822350011392116,145,75.25,7570.25,"NBCD_MZ60_BAW_height.tif"
59018,62,0.829134308802309,164,167.4,134.8,"NBCD_MZ64_BAW_height.tif"
59020,62,0.844592754613807,156,57,7887.6,"NBCD_MZ60_BAW_height.tif"
59020,62,0.844592754613807,169,58.8333333333333,8329.76666666667,"NBCD_MZ64_BAW_height.tif"
59021,85,0.915590409386,170,170.333333333333,36.6666666666667,"NBCD_MZ64_BAW_height.tif"
59022,70,0.826116932576412,141,151.166666666667,194.166666666667,"NBCD_MZ64_BAW_height.tif"
59025,67,0.651776939986492,143,96.8571428571429,4403.80952380952,"NBCD_MZ60_BAW_height.tif"
59029,55,0.750557065345266,155,111.714285714286,5826.90476190476,"NBCD_MZ60_BAW_height.tif"
59104,63,0.761548301844355,0,21.5,2773.5,"NBCD_MZ60_BAW_height.tif"
59107,69,0.810185621621622,185,180.5,119.5,"NBCD_MZ60_BAW_height.tif"
59132,51,0.737652049621395,174,89,9558.4,"NBCD_MZ60_BAW_height.tif"
60004,80,0.506396846846847,0,28.8333333333333,2012.16666666667,"NBCD_MZ28_BAW_height.tif"
60005,37,0.381494520547945,0,0,0,"NBCD_MZ27_BAW_height.tif"
60009,58,0.334414351851852,0,0,0,"NBCD_MZ25_BAW_height.tif"
60010,71,0.480386956521739,0,0,0,"NBCD_MZ27_BAW_height.tif"
60010,71,0.480386956521739,0,0,0,"NBCD_MZ28_BAW_height.tif"
60013,52,0.289467579908676,0,0,0,"NBCD_MZ15_BAW_height.tif"
60013,52,0.289467579908676,0,0,0,"NBCD_MZ24_BAW_height.tif"
60017,46,0.311220187793427,0,0,0,"NBCD_MZ27_BAW_height.tif"
60018,33,0.339853051643193,0,0,0,"NBCD_MZ27_BAW_height.tif"
60019,46,0.361329951690821,0,0,0,"NBCD_MZ15_BAW_height.tif"
60019,46,0.361329951690821,46,12.8571428571429,482.47619047619,"NBCD_MZ24_BAW_height.tif"
60020,50,0.313941176470588,0,0,0,"NBCD_MZ25_BAW_height.tif"
60022,64,0.372664788732394,0,0,0,"NBCD_MZ25_BAW_height.tif"
60023,38,0.294461764705882,0,0,0,"NBCD_MZ26_BAW_height.tif"
60024,28,0.332604761904762,0,0,0,"NBCD_MZ26_BAW_height.tif"
60025,47,0.208708823529412,0,0,0,"NBCD_MZ25_BAW_height.tif"
60027,43,0.264025714285714,0,0,0,"NBCD_MZ25_BAW_height.tif"
60028,62,0.452734246575342,0,0,0,"NBCD_MZ25_BAW_height.tif"
60029,25,0.301043137254902,0,0,0,"NBCD_MZ26_BAW_height.tif"
60031,42,0.298356862745098,0,0,0,"NBCD_MZ25_BAW_height.tif"
60051,25,0.302757127837231,0,0,0,"NBCD_MZ15_BAW_height.tif"
60051,25,0.302757127837231,0,0,0,"NBCD_MZ24_BAW_height.tif"
60056,29,0.358088888888889,0,0,0,"NBCD_MZ27_BAW_height.tif"
60057,62,0.306846396396396,0,0,0,"NBCD_MZ15_BAW_height.tif"
60057,62,0.306846396396396,0,0,0,"NBCD_MZ24_BAW_height.tif"
60059,59,0.410173059360731,75,67.1428571428571,952.142857142857,"NBCD_MZ28_BAW_height.tif"
60060,89,0.521529901960784,0,26.75,2862.25,"NBCD_MZ28_BAW_height.tif"
60065,50,0.3348,0,0,0,"NBCD_MZ27_BAW_height.tif"
60067,35,0.315199537037037,0,0,0,"NBCD_MZ27_BAW_height.tif"
60069,73,0.493364351851852,0,24.6666666666667,1538.66666666667,"NBCD_MZ15_BAW_height.tif"
60070,63,0.246444927536232,0,0,0,"NBCD_MZ25_BAW_height.tif"
60071,56,0.262443192488263,0,0,0,"NBCD_MZ25_BAW_height.tif"
60073,38,0.316694685990338,0,0,0,"NBCD_MZ27_BAW_height.tif"
60074,27,0.347364705882353,0,0,0,"NBCD_MZ27_BAW_height.tif"
60075,64,0.222880952380952,0,0,0,"NBCD_MZ15_BAW_height.tif"
60075,64,0.222880952380952,0,0,0,"NBCD_MZ25_BAW_height.tif"
60076,73,0.308044761904762,0,0,0,"NBCD_MZ15_BAW_height.tif"
60076,73,0.308044761904762,0,0,0,"NBCD_MZ24_BAW_height.tif"
60078,68,0.31538137254902,0,0,0,"NBCD_MZ25_BAW_height.tif"
60078,68,0.31538137254902,0,0,0,"NBCD_MZ26_BAW_height.tif"
60079,49,0.297852736318408,0,0,0,"NBCD_MZ26_BAW_height.tif"
60080,32,0.391005392156863,0,0,0,"NBCD_MZ34_BAW_height.tif"
60081,44,0.205376960784314,0,0,0,"NBCD_MZ25_BAW_height.tif"
60082,42,0.174729901960784,0,0,0,"NBCD_MZ25_BAW_height.tif"
60107,67,0.38983196347032,0,0,0,"NBCD_MZ15_BAW_height.tif"
60107,67,0.38983196347032,52,55.6,8.8,"NBCD_MZ24_BAW_height.tif"
60111,58,0.367387037037037,0,0,0,"NBCD_MZ27_BAW_height.tif"
60112,41,0.357300483091787,0,0,0,"NBCD_MZ27_BAW_height.tif"
60115,36,0.2925875,0,10,700,"NBCD_MZ25_BAW_height.tif"
60155,37,0.469351598173516,0,0,0,"NBCD_MZ27_BAW_height.tif"
60155,37,0.469351598173516,0,0,0,"NBCD_MZ28_BAW_height.tif"
60164,55,0.3026125,0,0,0,"NBCD_MZ24_BAW_height.tif"
60201,50,0.334457619047619,0,16,1024,"NBCD_MZ24_BAW_height.tif"
61001,50,0.659393091044127,0,0,0,"NBCD_MZ65_BAW_height.tif"
61009,69,0.911094254251374,154,158.8,34.7,"NBCD_MZ64_BAW_height.tif"
61016,68,0.911454076328032,0,0,0,"NBCD_MZ65_BAW_height.tif"
61019,71,0.907208868312757,181,139,8596.66666666667,"NBCD_MZ65_BAW_height.tif"
61022,80,0.900072929158339,163,145,4241.33333333333,"NBCD_MZ64_BAW_height.tif"
61025,65,0.899525641025641,0,23.5714285714286,3889.28571428571,"NBCD_MZ64_BAW_height.tif"
61029,77,0.905716736990155,0,0,0,"NBCD_MZ64_BAW_height.tif"
61030,77,0.897423076923077,0,0,0,"NBCD_MZ63_BAW_height.tif"
61031,80,0.903373504273504,163,158.25,136.916666666667,"NBCD_MZ63_BAW_height.tif"
61034,76,0.90671,187,190,8.66666666666667,"NBCD_MZ64_BAW_height.tif"
61038,76,0.896531666666667,0,0,0,"NBCD_MZ63_BAW_height.tif"
61042,75,0.839687398373984,142,48.3333333333333,5610.26666666667,"NBCD_MZ63_BAW_height.tif"
61045,83,0.901901523631841,161,164.166666666667,54.9666666666667,"NBCD_MZ63_BAW_height.tif"
61046,81,0.892104471401782,163,145.857142857143,4185.47619047619,"NBCD_MZ63_BAW_height.tif"
61049,82,0.859096988712179,0,0,0,"NBCD_MZ63_BAW_height.tif"
61051,66,0.843563898946095,0,0,0,"NBCD_MZ63_BAW_height.tif"
61054,58,0.80907322267087,0,0,0,"NBCD_MZ63_BAW_height.tif"
61056,78,0.914122885220126,178,118.333333333333,8665.06666666667,"NBCD_MZ63_BAW_height.tif"
61057,66,0.899844661129168,0,55.6666666666667,7438.66666666667,"NBCD_MZ63_BAW_height.tif"
61059,80,0.916917132173382,0,52.1666666666667,6536.16666666667,"NBCD_MZ63_BAW_height.tif"
61060,78,0.903174786015672,0,0,0,"NBCD_MZ63_BAW_height.tif"
61065,67,0.719991803278689,0,0,0,"NBCD_MZ63_BAW_height.tif"
61069,65,0.83655505050505,0,0,0,"NBCD_MZ63_BAW_height.tif"
61073,74,0.910876178825668,0,82.1666666666667,8102.16666666667,"NBCD_MZ64_BAW_height.tif"
61075,75,0.904640192435682,168,70,9212,"NBCD_MZ64_BAW_height.tif"
61089,70,0.914319588744589,195,202.333333333333,57.4666666666667,"NBCD_MZ65_BAW_height.tif"
61093,69,0.908376222222222,190,92.6666666666667,10311.4666666667,"NBCD_MZ64_BAW_height.tif"
61097,77,0.916149831541385,0,49.3333333333333,5847.46666666667,"NBCD_MZ64_BAW_height.tif"
61100,67,0.906032345125172,170,135.333333333333,4460.66666666667,"NBCD_MZ64_BAW_height.tif"
61107,75,0.882523732852286,176,175,7.2,"NBCD_MZ64_BAW_height.tif"
61109,74,0.87097527949904,148,76.5,7030.3,"NBCD_MZ64_BAW_height.tif"
61111,62,0.916529672984021,148,152.666666666667,43.8666666666667,"NBCD_MZ63_BAW_height.tif"
61121,72,0.91142447257384,152,127.833333333333,3925.36666666667,"NBCD_MZ64_BAW_height.tif"
61123,83,0.905808333333333,0,0,0,"NBCD_MZ64_BAW_height.tif"
61199,76,0.913161844394703,171,176.833333333333,64.1666666666667,"NBCD_MZ64_BAW_height.tif"
61207,67,0.861487858414441,0,0,0,"NBCD_MZ65_BAW_height.tif"
63002,66,0.683102883255344,178,129.285714285714,8001.2380952381,"NBCD_MZ58_BAW_height.tif"
63003,52,0.699815809323923,0,72.8333333333333,6410.56666666667,"NBCD_MZ58_BAW_height.tif"
63004,57,0.793452320128348,0,0,0,"NBCD_MZ58_BAW_height.tif"
63005,56,0.798253140096618,0,42.5,7225,"NBCD_MZ58_BAW_height.tif"
63010,70,0.789951598173516,0,0,0,"NBCD_MZ58_BAW_height.tif"
63011,63,0.790417351598173,0,31.4,4929.8,"NBCD_MZ58_BAW_height.tif"
63012,68,0.759244927536232,0,23.1428571428571,3749.14285714286,"NBCD_MZ58_BAW_height.tif"
63012,68,0.759244927536232,0,24.5714285714286,4226.28571428571,"NBCD_MZ59_BAW_height.tif"
63013,62,0.76285652173913,0,0,0,"NBCD_MZ58_BAW_height.tif"
63014,61,0.80559311897514,0,0,0,"NBCD_MZ59_BAW_height.tif"
63015,67,0.800122972972973,0,0,0,"NBCD_MZ59_BAW_height.tif"
63022,54,0.868006877599525,246,238.571428571429,87.6190476190476,"NBCD_MZ57_BAW_height.tif"
63024,74,0.805683796296296,0,23.7142857142857,3936.57142857143,"NBCD_MZ59_BAW_height.tif"
63028,63,0.834524904870624,189,147.4,6952.3,"NBCD_MZ59_BAW_height.tif"
63030,62,0.864027380952381,0,100.333333333333,12090.2666666667,"NBCD_MZ57_BAW_height.tif"
63031,66,0.861285024154589,0,0,0,"NBCD_MZ57_BAW_height.tif"
63101,66,0.690551024331228,0,34.6,5985.8,"NBCD_MZ58_BAW_height.tif"
63108,68,0.762872303039607,0,0,0,"NBCD_MZ58_BAW_height.tif"
63118,68,0.803328310502283,176,145.8,6666.2,"NBCD_MZ59_BAW_height.tif"
63119,63,0.835666210045662,0,0,0,"NBCD_MZ59_BAW_height.tif"
63126,57,0.811277814814815,0,0,0,"NBCD_MZ59_BAW_height.tif"
63202,67,0.719174678635944,170,171.285714285714,136.238095238095,"NBCD_MZ58_BAW_height.tif"
63204,63,0.780180126445205,0,142.4,6650.8,"NBCD_MZ58_BAW_height.tif"
63205,58,0.772940271972443,0,0,0,"NBCD_MZ58_BAW_height.tif"
63210,56,0.775373423423423,0,0,0,"NBCD_MZ58_BAW_height.tif"
63215,66,0.794180821917808,0,44.25,7832.25,"NBCD_MZ59_BAW_height.tif"
63217,53,0.799205588158581,0,0,0,"NBCD_MZ59_BAW_height.tif"
63220,65,0.853127771758758,0,108.333333333333,14095.4666666667,"NBCD_MZ57_BAW_height.tif"
63221,66,0.834049245306951,0,0,0,"NBCD_MZ57_BAW_height.tif"
63222,57,0.860615068493151,218,211.166666666667,58.9666666666667,"NBCD_MZ57_BAW_height.tif"
63224,76,0.78310637254902,162,53.8333333333333,6955.36666666667,"NBCD_MZ58_BAW_height.tif"
63225,62,0.806295495495496,203,101.5,13736.3333333333,"NBCD_MZ59_BAW_height.tif"
63226,67,0.801051015816293,0,0,0,"NBCD_MZ59_BAW_height.tif"
63228,79,0.868367810457516,0,0,0,"NBCD_MZ57_BAW_height.tif"
63233,68,0.812022515994255,0,111.8,10613.2,"NBCD_MZ59_BAW_height.tif"
63311,64,0.821472026604069,0,25,3750,"NBCD_MZ58_BAW_height.tif"
64005,55,0.796772413793103,0,0,0,"NBCD_MZ40_BAW_height.tif"
64006,48,0.763466666666667,0,0,0,"NBCD_MZ39_BAW_height.tif"
64009,65,0.828865853658536,0,0,0,"NBCD_MZ40_BAW_height.tif"
64021,58,0.699473563218391,0,0,0,"NBCD_MZ30_BAW_height.tif"
64026,71,0.789265142591368,0,0,0,"NBCD_MZ40_BAW_height.tif"
64028,71,0.824393023255814,0,0,0,"NBCD_MZ40_BAW_height.tif"
64032,57,0.628039759036145,0,0,0,"NBCD_MZ30_BAW_height.tif"
64039,55,0.810445433484808,0,0,0,"NBCD_MZ40_BAW_height.tif"
64043,55,0.800839089808763,0,0,0,"NBCD_MZ39_BAW_height.tif"
64043,55,0.800839089808763,0,0,0,"NBCD_MZ40_BAW_height.tif"
64044,77,0.853812039666441,0,36.1666666666667,3147.36666666667,"NBCD_MZ40_BAW_height.tif"
66003,59,0.790955128205128,0,0,0,"NBCD_MZ51_BAW_height.tif"
66005,72,0.783974583333333,0,0,0,"NBCD_MZ52_BAW_height.tif"
66015,78,0.840142616033756,0,84.4,13356.8,"NBCD_MZ62_BAW_height.tif"
66021,67,0.859918781218781,0,0,0,"NBCD_MZ62_BAW_height.tif"
66022,64,0.867715968841285,0,0,0,"NBCD_MZ62_BAW_height.tif"
66042,59,0.807738888888889,0,0,0,"NBCD_MZ62_BAW_height.tif"
66067,51,0.811346372372372,0,0,0,"NBCD_MZ52_BAW_height.tif"
66073,71,0.885718543859649,0,0,0,"NBCD_MZ62_BAW_height.tif"
66075,75,0.821994444444444,0,0,0,"NBCD_MZ62_BAW_height.tif"
66076,72,0.879150891933029,0,64.3333333333333,9933.46666666667,"NBCD_MZ62_BAW_height.tif"
66080,63,0.867850025799794,0,0,0,"NBCD_MZ62_BAW_height.tif"
66082,65,0.872745333333333,0,0,0,"NBCD_MZ62_BAW_height.tif"
66085,68,0.82645824811885,0,30,5400,"NBCD_MZ47_BAW_height.tif"
66087,70,0.865269956140351,0,0,0,"NBCD_MZ53_BAW_height.tif"
66141,63,0.764738222222222,0,67.1666666666667,10829.7666666667,"NBCD_MZ62_BAW_height.tif"
66165,58,0.812351643432907,0,0,0,"NBCD_MZ52_BAW_height.tif"
66168,63,0.802019815564552,0,0,0,"NBCD_MZ52_BAW_height.tif"
67007,51,0.694516666666667,148,76,7003.6,"NBCD_MZ32_BAW_height.tif"
67010,53,0.462823943661972,0,0,0,"NBCD_MZ34_BAW_height.tif"
67011,71,0.802205936073059,0,0,0,"NBCD_MZ44_BAW_height.tif"
67014,65,0.753198591549296,0,0,0,"NBCD_MZ32_BAW_height.tif"
67015,62,0.768750222222222,0,0,0,"NBCD_MZ32_BAW_height.tif"
67016,63,0.635841095890411,0,20,2400,"NBCD_MZ32_BAW_height.tif"
67017,62,0.665645098039216,0,0,0,"NBCD_MZ32_BAW_height.tif"
67019,56,0.500831481481481,0,0,0,"NBCD_MZ32_BAW_height.tif"
67024,63,0.751512328767123,132,71.6666666666667,6201.86666666667,"NBCD_MZ32_BAW_height.tif"
67026,64,0.770719634703196,0,0,0,"NBCD_MZ32_BAW_height.tif"
67030,45,0.52823105022831,0,0,0,"NBCD_MZ38_BAW_height.tif"
67031,52,0.511698222222222,0,0,0,"NBCD_MZ38_BAW_height.tif"
67032,51,0.500026126126126,0,0,0,"NBCD_MZ38_BAW_height.tif"
67034,30,0.443971171171171,0,0,0,"NBCD_MZ34_BAW_height.tif"
67050,67,0.802203381642512,0,82.6666666666667,8210.66666666667,"NBCD_MZ44_BAW_height.tif"
67051,76,0.818601388888889,148,29.6,4380.8,"NBCD_MZ44_BAW_height.tif"
67059,67,0.764651351351352,0,89.1666666666667,4776.56666666667,"NBCD_MZ32_BAW_height.tif"
67064,60,0.738681981981982,150,76.5,7026.3,"NBCD_MZ32_BAW_height.tif"
67067,64,0.512952173913043,0,0,0,"NBCD_MZ32_BAW_height.tif"
67070,30,0.47527027027027,0,0,0,"NBCD_MZ34_BAW_height.tif"
67125,55,0.757255405405405,0,0,0,"NBCD_MZ32_BAW_height.tif"
68066,96,0.895025,0,0,0,"NBCD_MZ41_BAW_height.tif"
69001,42,0.913578186666667,228,244.333333333333,72.2666666666667,"NBCD_MZ02_BAW_height.tif"
69003,50,0.9093338,311,318.6,810.3,"NBCD_MZ07_BAW_height.tif"
69004,23,0.34168236,0,0,0,"NBCD_MZ08_BAW_height.tif"
69007,67,0.728686586666667,0,55.1666666666667,7306.56666666667,"NBCD_MZ09_BAW_height.tif"
69010,57,0.917794086666667,195,188.333333333333,69.8666666666667,"NBCD_MZ07_BAW_height.tif"
69013,62,0.660158226666667,150,162.6,683.3,"NBCD_MZ09_BAW_height.tif"
69014,67,0.61650244,0,0,0,"NBCD_MZ09_BAW_height.tif"
69018,73,0.88629042,0,0,0,"NBCD_MZ02_BAW_height.tif"
69019,76,0.92608274,331,304,2018,"NBCD_MZ07_BAW_height.tif"
69021,31,0.405045533333333,0,0,0,"NBCD_MZ09_BAW_height.tif"
69022,35,0.28772446,0,0,0,"NBCD_MZ09_BAW_height.tif"
69023,43,0.419172013333333,0,0,0,"NBCD_MZ09_BAW_height.tif"
69025,49,0.82857576,159,133.8,5683.7,"NBCD_MZ02_BAW_height.tif"
69026,74,0.894318433333333,0,43.8,9592.2,"NBCD_MZ07_BAW_height.tif"
69028,67,0.738423186666667,0,18,2268,"NBCD_MZ07_BAW_height.tif"
69029,60,0.6202781,194,138.571428571429,8989.95238095238,"NBCD_MZ07_BAW_height.tif"
69033,59,0.807956946666667,0,0,0,"NBCD_MZ02_BAW_height.tif"
69034,76,0.830127046666667,0,0,0,"NBCD_MZ07_BAW_height.tif"
69035,52,0.738129766666667,209,203.75,64.9166666666667,"NBCD_MZ09_BAW_height.tif"
69041,64,0.899090006666667,0,33.25,4422.25,"NBCD_MZ07_BAW_height.tif"
69045,43,0.497871546666667,0,0,0,"NBCD_MZ09_BAW_height.tif"
69048,69,0.682237306666667,0,0,0,"NBCD_MZ09_BAW_height.tif"
69051,66,0.875285253333333,362,396.285714285714,1333.2380952381,"NBCD_MZ07_BAW_height.tif"
69057,74,0.828059226666667,405,349.5,1647,"NBCD_MZ02_BAW_height.tif"
69058,75,0.885810346666667,0,93.8333333333333,22233.7666666667,"NBCD_MZ02_BAW_height.tif"
69127,77,0.850047713333333,0,0,0,"NBCD_MZ07_BAW_height.tif"
69142,64,0.921685273333333,223,156.833333333333,14977.7666666667,"NBCD_MZ02_BAW_height.tif"
69147,53,0.812372993333333,224,229.666666666667,713.866666666667,"NBCD_MZ07_BAW_height.tif"
69201,47,0.87170856,273,159.5,35331,"NBCD_MZ02_BAW_height.tif"
69203,58,0.665581213333333,144,141.333333333333,243.066666666667,"NBCD_MZ07_BAW_height.tif"
69206,52,0.74399674,207,197.333333333333,165.866666666667,"NBCD_MZ09_BAW_height.tif"
69207,60,0.761307353333333,0,0,0,"NBCD_MZ09_BAW_height.tif"
69211,52,0.5184586,0,0,0,"NBCD_MZ09_BAW_height.tif"
69212,61,0.571214673333333,201,211.333333333333,149.066666666667,"NBCD_MZ09_BAW_height.tif"
69214,67,0.65858166,0,0,0,"NBCD_MZ09_BAW_height.tif"
69219,58,0.89603638,0,131,4497.6,"NBCD_MZ07_BAW_height.tif"
69226,74,0.85879526,0,37.3333333333333,8362.66666666667,"NBCD_MZ02_BAW_height.tif"
69227,46,0.833820606666667,270,291,234.4,"NBCD_MZ07_BAW_height.tif"
69229,68,0.661480826666667,188,197,326.666666666667,"NBCD_MZ07_BAW_height.tif"
69238,63,0.678648866666667,158,163,41.6,"NBCD_MZ07_BAW_height.tif"
69240,58,0.588113006666667,0,0,0,"NBCD_MZ09_BAW_height.tif"
69243,63,0.907697766666667,0,0,0,"NBCD_MZ02_BAW_height.tif"
69244,56,0.91011554,223,229.833333333333,234.566666666667,"NBCD_MZ07_BAW_height.tif"
69251,66,0.873466553333333,179,177.833333333333,193.766666666667,"NBCD_MZ07_BAW_height.tif"
69253,71,0.557716233333333,155,125.4,5308.3,"NBCD_MZ07_BAW_height.tif"
72002,77,0.880829573333333,231,228,10.8,"NBCD_MZ62_BAW_height.tif"
72004,74,0.881458653333333,0,71.5,12270.3,"NBCD_MZ62_BAW_height.tif"
72006,79,0.906862926666667,149,156.25,34.25,"NBCD_MZ63_BAW_height.tif"
72008,77,0.896633366666667,0,32.6666666666667,6402.66666666667,"NBCD_MZ62_BAW_height.tif"
72008,77,0.896633366666667,0,26.1666666666667,4108.16666666667,"NBCD_MZ63_BAW_height.tif"
72010,77,0.915596506666667,224,218.833333333333,257.766666666667,"NBCD_MZ63_BAW_height.tif"
72011,79,0.876994093333333,182,162.285714285714,5136.90476190476,"NBCD_MZ62_BAW_height.tif"
72012,82,0.90158836,171,160.2,297.2,"NBCD_MZ63_BAW_height.tif"
72014,71,0.908149666666667,0,35.6,6336.8,"NBCD_MZ63_BAW_height.tif"
72016,76,0.91014592,0,73.6666666666667,6560.66666666667,"NBCD_MZ63_BAW_height.tif"
72022,84,0.903346486666667,134,146.285714285714,512.571428571429,"NBCD_MZ63_BAW_height.tif"
72025,79,0.884998353333333,169,170,10,"NBCD_MZ61_BAW_height.tif"
72028,77,0.909216993333333,201,183.75,966.25,"NBCD_MZ63_BAW_height.tif"
72029,91,0.882526226666667,142,58.8,6495.2,"NBCD_MZ63_BAW_height.tif"
72030,78,0.89362404,0,0,0,"NBCD_MZ63_BAW_height.tif"
72031,86,0.891276513333333,184,166.4,450.3,"NBCD_MZ63_BAW_height.tif"
72033,82,0.888232053333333,0,0,0,"NBCD_MZ63_BAW_height.tif"
72034,86,0.897023826666667,160,157,272.666666666667,"NBCD_MZ63_BAW_height.tif"
72035,91,0.879245726666667,190,161.833333333333,6292.96666666667,"NBCD_MZ63_BAW_height.tif"
72038,88,0.895820426666667,0,0,0,"NBCD_MZ63_BAW_height.tif"
72039,93,0.913752906666667,186,188.333333333333,80.2666666666667,"NBCD_MZ64_BAW_height.tif"
72047,68,0.858600506666667,0,0,0,"NBCD_MZ62_BAW_height.tif"
72048,71,0.864184593333333,0,107.571428571429,10225.619047619,"NBCD_MZ62_BAW_height.tif"
72049,82,0.87995854,0,0,0,"NBCD_MZ61_BAW_height.tif"
72050,81,0.877318846666667,0,0,0,"NBCD_MZ61_BAW_height.tif"
72050,81,0.877318846666667,0,0,0,"NBCD_MZ62_BAW_height.tif"
72052,73,0.867091226666667,0,28.8333333333333,4988.16666666667,"NBCD_MZ61_BAW_height.tif"
72053,77,0.878360933333333,0,34.6666666666667,7210.66666666667,"NBCD_MZ62_BAW_height.tif"
72054,82,0.880900006666667,168,149.857142857143,4432.47619047619,"NBCD_MZ61_BAW_height.tif"
72056,85,0.880442146666667,0,90.3333333333333,9826.66666666667,"NBCD_MZ61_BAW_height.tif"
72057,66,0.874630373333333,0,63.2,7489.7,"NBCD_MZ61_BAW_height.tif"
72060,81,0.886883793333333,0,148.714285714286,4579.2380952381,"NBCD_MZ61_BAW_height.tif"
72061,75,0.876110226666667,0,20.2857142857143,2880.57142857143,"NBCD_MZ61_BAW_height.tif"
72062,82,0.874747273333333,170,87.75,10286.9166666667,"NBCD_MZ61_BAW_height.tif"
72063,68,0.882355473333333,0,0,0,"NBCD_MZ61_BAW_height.tif"
72064,73,0.879425753333333,0,0,0,"NBCD_MZ61_BAW_height.tif"
72066,76,0.868085053333333,0,0,0,"NBCD_MZ61_BAW_height.tif"
72068,79,0.857937806666667,0,0,0,"NBCD_MZ61_BAW_height.tif"
72069,74,0.877921713333333,0,29.6666666666667,5280.66666666667,"NBCD_MZ61_BAW_height.tif"
72072,73,0.8660355,0,0,0,"NBCD_MZ61_BAW_height.tif"
72076,62,0.8015732,156,48.1666666666667,5620.96666666667,"NBCD_MZ60_BAW_height.tif"
72076,62,0.8015732,172,55.3333333333333,7362.66666666667,"NBCD_MZ61_BAW_height.tif"
72083,79,0.860096673333333,227,211.571428571429,287.952380952381,"NBCD_MZ61_BAW_height.tif"
72084,58,0.792328546666667,172,128.75,7548.91666666667,"NBCD_MZ60_BAW_height.tif"
72086,59,0.860260893333333,0,41,6724,"NBCD_MZ61_BAW_height.tif"
72086,59,0.860260893333333,0,37.5,5625,"NBCD_MZ64_BAW_height.tif"
72088,76,0.868654666666667,0,0,0,"NBCD_MZ62_BAW_height.tif"
72090,82,0.876515946666667,170,143.333333333333,4964.66666666667,"NBCD_MZ61_BAW_height.tif"
72091,76,0.87424676,0,0,0,"NBCD_MZ61_BAW_height.tif"
72101,78,0.870368406666667,0,0,0,"NBCD_MZ62_BAW_height.tif"
72107,78,0.91496054,0,37,5476,"NBCD_MZ63_BAW_height.tif"
72126,75,0.904993373333333,163,193.75,744.916666666667,"NBCD_MZ63_BAW_height.tif"
72127,72,0.883536506666667,0,49.75,9900.25,"NBCD_MZ61_BAW_height.tif"
72127,72,0.883536506666667,0,50,10000,"NBCD_MZ63_BAW_height.tif"
72132,87,0.901055393333333,0,74.2,10323.2,"NBCD_MZ63_BAW_height.tif"
72151,72,0.85785214,0,0,0,"NBCD_MZ61_BAW_height.tif"
72155,81,0.869888853333333,0,27.6666666666667,4592.66666666667,"NBCD_MZ61_BAW_height.tif"
72165,82,0.8390202,0,27.6666666666667,4592.66666666667,"NBCD_MZ61_BAW_height.tif"
72189,86,0.870108326666667,171,177.5,53.1,"NBCD_MZ61_BAW_height.tif"
72192,79,0.86168662,0,0,0,"NBCD_MZ61_BAW_height.tif"
72194,61,0.79861698,182,181.166666666667,4.56666666666667,"NBCD_MZ61_BAW_height.tif"
72198,70,0.79894516,163,149.4,182.8,"NBCD_MZ60_BAW_height.tif"
80002,58,0.781000753333333,0,0,0,"NBCD_MZ58_BAW_height.tif"
80003,58,0.692648973333333,178,169.25,77.5833333333333,"NBCD_MZ58_BAW_height.tif"
80005,59,0.78650428,0,62.5,5214.33333333333,"NBCD_MZ58_BAW_height.tif"
80008,68,0.748906573333333,0,0,0,"NBCD_MZ58_BAW_height.tif"
80013,54,0.784119046666667,0,51.8333333333333,6500.96666666667,"NBCD_MZ58_BAW_height.tif"
80018,66,0.830941653333333,0,0,0,"NBCD_MZ54_BAW_height.tif"
80018,66,0.830941653333333,0,0,0,"NBCD_MZ57_BAW_height.tif"
80021,65,0.795783333333333,0,79.4,11991.8,"NBCD_MZ54_BAW_height.tif"
80050,59,0.798485373333333,0,0,0,"NBCD_MZ59_BAW_height.tif"
80051,62,0.804710033333333,0,0,0,"NBCD_MZ54_BAW_height.tif"
80055,62,0.790851426666667,168,42,7056,"NBCD_MZ58_BAW_height.tif"
80058,60,0.790638566666667,0,24,4032,"NBCD_MZ58_BAW_height.tif"
80101,57,0.762101893333333,157,158.2,175.2,"NBCD_MZ58_BAW_height.tif"
80116,62,0.780221126666667,0,0,0,"NBCD_MZ54_BAW_height.tif"
81016,42,0.679385366666667,0,0,0,"NBCD_MZ39_BAW_height.tif"
81023,42,0.785685186666667,0,0,0,"NBCD_MZ39_BAW_height.tif"
81029,53,0.702767093333333,0,0,0,"NBCD_MZ29_BAW_height.tif"
81032,37,0.54602764,0,0,0,"NBCD_MZ31_BAW_height.tif"
81037,43,0.654536673333333,0,0,0,"NBCD_MZ30_BAW_height.tif"
81041,33,0.589355953333333,0,0,0,"NBCD_MZ31_BAW_height.tif"
81043,51,0.522347253333333,0,0,0,"NBCD_MZ31_BAW_height.tif"
81046,46,0.600262073333333,0,19.25,1482.25,"NBCD_MZ29_BAW_height.tif"
81047,47,0.72411042,0,56.4285714285714,4966.95238095238,"NBCD_MZ29_BAW_height.tif"
81049,45,0.806621806666667,145,142.4,119.3,"NBCD_MZ29_BAW_height.tif"
81050,41,0.793083753333333,0,76.6666666666667,7063.86666666667,"NBCD_MZ29_BAW_height.tif"
82001,69,0.742087506666667,0,0,0,"NBCD_MZ47_BAW_height.tif"
82002,61,0.750766206666667,0,32.3333333333333,6272.66666666667,"NBCD_MZ47_BAW_height.tif"
82003,61,0.81898448,0,0,0,"NBCD_MZ46_BAW_height.tif"
82006,63,0.825943846666667,145,36.25,5256.25,"NBCD_MZ46_BAW_height.tif"
82009,66,0.820687673333333,0,51.3333333333333,6343.86666666667,"NBCD_MZ46_BAW_height.tif"
82010,69,0.83418406,0,0,0,"NBCD_MZ46_BAW_height.tif"
82012,55,0.79227764,0,0,0,"NBCD_MZ47_BAW_height.tif"
82015,64,0.807501446666667,0,30.4,4620.8,"NBCD_MZ46_BAW_height.tif"
82015,64,0.807501446666667,0,31,4805,"NBCD_MZ48_BAW_height.tif"
82016,75,0.832281533333333,0,0,0,"NBCD_MZ47_BAW_height.tif"
82018,70,0.832121733333333,0,48,9216,"NBCD_MZ48_BAW_height.tif"
82020,58,0.774595106666667,0,0,0,"NBCD_MZ47_BAW_height.tif"
82021,65,0.80269608,0,0,0,"NBCD_MZ48_BAW_height.tif"
82024,59,0.814838813333333,0,0,0,"NBCD_MZ48_BAW_height.tif"
82027,65,0.825700906666667,0,0,0,"NBCD_MZ48_BAW_height.tif"
82029,68,0.84430686,0,0,0,"NBCD_MZ48_BAW_height.tif"
82031,71,0.860731293333333,0,37.2,6919.2,"NBCD_MZ53_BAW_height.tif"
82032,74,0.851500993333333,0,0,0,"NBCD_MZ53_BAW_height.tif"
82033,57,0.810614986666667,0,0,0,"NBCD_MZ53_BAW_height.tif"
82034,76,0.82706312,0,66.3333333333333,10560.2666666667,"NBCD_MZ53_BAW_height.tif"
82042,72,0.851659006666667,242,179.5,8360.3,"NBCD_MZ57_BAW_height.tif"
82128,70,0.827987673333333,0,26,4732,"NBCD_MZ48_BAW_height.tif"
82135,60,0.846570953333333,210,210.333333333333,129.466666666667,"NBCD_MZ57_BAW_height.tif"
83009,63,0.48092388,0,0,0,"NBCD_MZ36_BAW_height.tif"
83011,35,0.663522046666667,0,0,0,"NBCD_MZ36_BAW_height.tif"
83015,55,0.573166673333333,0,0,0,"NBCD_MZ36_BAW_height.tif"
83017,62,0.546528713333333,0,0,0,"NBCD_MZ36_BAW_height.tif"
83018,54,0.42812188,0,0,0,"NBCD_MZ36_BAW_height.tif"
83024,45,0.68154726,0,28.3333333333333,1952.26666666667,"NBCD_MZ36_BAW_height.tif"
83028,42,0.590500953333333,0,11.5,793.5,"NBCD_MZ35_BAW_height.tif"
83029,63,0.60760386,0,0,0,"NBCD_MZ36_BAW_height.tif"
83031,74,0.605661693333333,0,0,0,"NBCD_MZ35_BAW_height.tif"
83033,54,0.805242846666667,0,0,0,"NBCD_MZ37a_BAW_height.tif"
83041,60,0.568426666666667,0,11.5,793.5,"NBCD_MZ35_BAW_height.tif"
83042,61,0.568590326666667,0,0,0,"NBCD_MZ35_BAW_height.tif"
83043,53,0.517718633333333,0,0,0,"NBCD_MZ35_BAW_height.tif"
83044,52,0.816379513333333,0,0,0,"NBCD_MZ37a_BAW_height.tif"
83045,58,0.817563286666667,147,156.166666666667,457.766666666667,"NBCD_MZ37a_BAW_height.tif"
83054,54,0.48570334,0,21.5,1117.5,"NBCD_MZ35_BAW_height.tif"
83055,69,0.51157892,0,0,0,"NBCD_MZ35_BAW_height.tif"
83064,52,0.590505893333333,0,0,0,"NBCD_MZ35_BAW_height.tif"
83070,49,0.70890376,0,0,0,"NBCD_MZ37a_BAW_height.tif"
83072,52,0.647893233333333,0,0,0,"NBCD_MZ32_BAW_height.tif"
83075,51,0.640714286666667,0,0,0,"NBCD_MZ32_BAW_height.tif"
83081,51,0.35668922,0,0,0,"NBCD_MZ26_BAW_height.tif"
83082,43,0.249362786666667,0,0,0,"NBCD_MZ26_BAW_height.tif"
83100,48,0.49421422,0,0,0,"NBCD_MZ34_BAW_height.tif"
83112,54,0.37193804,0,0,0,"NBCD_MZ26_BAW_height.tif"
83114,62,0.511196186666667,0,28.75,1102.25,"NBCD_MZ35_BAW_height.tif"
83140,67,0.589897486666667,0,8.66666666666667,450.666666666667,"NBCD_MZ35_BAW_height.tif"
83149,53,0.664073626666667,0,0,0,"NBCD_MZ32_BAW_height.tif"
83238,57,0.586897613333333,0,0,0,"NBCD_MZ35_BAW_height.tif"
83273,51,0.67043288,0,0,0,"NBCD_MZ32_BAW_height.tif"
83302,51,0.543173933333333,0,0,0,"NBCD_MZ36_BAW_height.tif"
83306,33,0.511947833333333,0,0,0,"NBCD_MZ36_BAW_height.tif"
83312,35,0.732336453333333,0,77.8333333333333,1481.36666666667,"NBCD_MZ36_BAW_height.tif"
83315,57,0.582657953333333,0,0,0,"NBCD_MZ36_BAW_height.tif"
83316,66,0.59607272,0,0,0,"NBCD_MZ35_BAW_height.tif"
83317,73,0.568541553333333,0,10.6666666666667,682.666666666667,"NBCD_MZ35_BAW_height.tif"
83323,46,0.687907993333333,0,0,0,"NBCD_MZ36_BAW_height.tif"
83324,49,0.62323332,0,0,0,"NBCD_MZ35_BAW_height.tif"
83325,71,0.570174993333333,0,0,0,"NBCD_MZ35_BAW_height.tif"
83327,52,0.493225753333333,0,15,540.4,"NBCD_MZ35_BAW_height.tif"
83336,44,0.719819993333333,0,0,0,"NBCD_MZ32_BAW_height.tif"
83336,44,0.719819993333333,0,0,0,"NBCD_MZ37a_BAW_height.tif"
83337,46,0.582273533333333,0,58.8333333333333,2081.76666666667,"NBCD_MZ35_BAW_height.tif"
83346,43,0.219837806666667,0,0,0,"NBCD_MZ25_BAW_height.tif"
83351,42,0.610193806666667,49,16.6666666666667,667.066666666667,"NBCD_MZ35_BAW_height.tif"
83363,48,0.46478934,0,0,0,"NBCD_MZ34_BAW_height.tif"
83367,49,0.458742026666667,0,0,0,"NBCD_MZ34_BAW_height.tif"
85004,23,0.208340433333333,0,0,0,"NBCD_MZ17_BAW_height.tif"
85008,48,0.52081538,0,76.6666666666667,7119.46666666667,"NBCD_MZ16_BAW_height.tif"
85009,21,0.19929264,0,0,0,"NBCD_MZ17_BAW_height.tif"
85011,39,0.48831734,0,0,0,"NBCD_MZ17_BAW_height.tif"
85013,47,0.227325973333333,0,0,0,"NBCD_MZ23_BAW_height.tif"
85014,17,0.28894734,0,0,0,"NBCD_MZ17_BAW_height.tif"
85015,79,0.531073153333333,0,0,0,"NBCD_MZ16_BAW_height.tif"
85017,36,0.196544913333333,0,0,0,"NBCD_MZ23_BAW_height.tif"
85019,45,0.3958936,0,0,0,"NBCD_MZ17_BAW_height.tif"
85020,65,0.511221333333333,0,0,0,"NBCD_MZ16_BAW_height.tif"
85021,66,0.31066186,0,0,0,"NBCD_MZ23_BAW_height.tif"
85022,30,0.227578086666667,0,0,0,"NBCD_MZ23_BAW_height.tif"
85024,56,0.431572073333333,0,0,0,"NBCD_MZ17_BAW_height.tif"
85025,26,0.339024133333333,0,0,0,"NBCD_MZ17_BAW_height.tif"
85103,51,0.735649306666667,0,0,0,"NBCD_MZ16_BAW_height.tif"
85104,32,0.278390346666667,0,0,0,"NBCD_MZ17_BAW_height.tif"
85108,50,0.326081613333333,0,0,0,"NBCD_MZ23_BAW_height.tif"
85109,12,0.181674533333333,0,0,0,"NBCD_MZ17_BAW_height.tif"
85110,34,0.314248733333333,0,0,0,"NBCD_MZ17_BAW_height.tif"
85112,49,0.19593772,0,0,0,"NBCD_MZ23_BAW_height.tif"
85117,37,0.17455044,0,0,0,"NBCD_MZ23_BAW_height.tif"
85119,37,0.376340453333333,0,0,0,"NBCD_MZ17_BAW_height.tif"
85121,75,0.41550186,103,104.333333333333,3300.26666666667,"NBCD_MZ16_BAW_height.tif"
85123,41,0.357463893333333,0,0,0,"NBCD_MZ23_BAW_height.tif"
85153,59,0.650622473333333,103,105.5,3.1,"NBCD_MZ16_BAW_height.tif"
85153,59,0.650622473333333,0,28.75,1130.25,"NBCD_MZ22_BAW_height.tif"
85156,55,0.750906353333333,0,0,0,"NBCD_MZ16_BAW_height.tif"
85158,49,0.478609706666667,0,0,0,"NBCD_MZ16_BAW_height.tif"
85159,33,0.178399266666667,0,0,0,"NBCD_MZ17_BAW_height.tif"
85161,62,0.564036953333333,0,0,0,"NBCD_MZ16_BAW_height.tif"
85164,17,0.309445753333333,0,0,0,"NBCD_MZ17_BAW_height.tif"
85165,65,0.600948253333333,44,45.3333333333333,4.26666666666667,"NBCD_MZ16_BAW_height.tif"
85167,18,0.15530996,0,0,0,"NBCD_MZ23_BAW_height.tif"
85169,52,0.280068526666667,0,0,0,"NBCD_MZ13_BAW_height.tif"
85170,58,0.406046226666667,113,69,5944.8,"NBCD_MZ16_BAW_height.tif"
85171,22,0.190836233333333,0,0,0,"NBCD_MZ15_BAW_height.tif"
85171,22,0.190836233333333,0,0,0,"NBCD_MZ23_BAW_height.tif"
85171,22,0.190836233333333,0,0,0,"NBCD_MZ24_BAW_height.tif"
85172,29,0.179627286666667,0,0,0,"NBCD_MZ23_BAW_height.tif"
85174,60,0.772305353333333,0,0,0,"NBCD_MZ16_BAW_height.tif"
85206,63,0.75170088,0,0,0,"NBCD_MZ16_BAW_height.tif"
85307,81,0.677175033333333,0,0,0,"NBCD_MZ16_BAW_height.tif"
85311,71,0.604802266666667,0,0,0,"NBCD_MZ16_BAW_height.tif"
85315,39,0.52386172,0,0,0,"NBCD_MZ16_BAW_height.tif"
85316,51,0.454846126666667,0,0,0,"NBCD_MZ16_BAW_height.tif"
85316,51,0.454846126666667,0,0,0,"NBCD_MZ23_BAW_height.tif"
85318,30,0.356354046666667,0,0,0,"NBCD_MZ23_BAW_height.tif"
85320,82,0.413006666666667,0,0,0,"NBCD_MZ16_BAW_height.tif"
85321,53,0.37581396,0,0,0,"NBCD_MZ16_BAW_height.tif"
85321,53,0.37581396,0,0,0,"NBCD_MZ23_BAW_height.tif"
87005,71,0.925234146666667,171,49.4285714285714,7127.28571428571,"NBCD_MZ65_BAW_height.tif"
87008,80,0.91535586,0,24.4285714285714,4177.28571428571,"NBCD_MZ65_BAW_height.tif"
87009,77,0.9222377,169,179.333333333333,62.6666666666667,"NBCD_MZ65_BAW_height.tif"
87010,83,0.9188052,172,170.25,2.25,"NBCD_MZ65_BAW_height.tif"
87011,87,0.9103839,0,0,0,"NBCD_MZ66_BAW_height.tif"
87015,80,0.916031433333333,0,0,0,"NBCD_MZ66_BAW_height.tif"
87016,68,0.91698492,0,42.75,7310.25,"NBCD_MZ66_BAW_height.tif"
87018,78,0.913969353333333,0,0,0,"NBCD_MZ66_BAW_height.tif"
87022,64,0.869666273333333,0,0,0,"NBCD_MZ66_BAW_height.tif"
87120,73,0.915871186666667,0,79.6666666666667,7621.06666666667,"NBCD_MZ66_BAW_height.tif"
88001,62,0.858665786666667,182,165.333333333333,6795.86666666667,"NBCD_MZ61_BAW_height.tif"
88002,72,0.821139766666667,0,0,0,"NBCD_MZ61_BAW_height.tif"
88005,67,0.850879,0,0,0,"NBCD_MZ61_BAW_height.tif"
88007,64,0.861640086666667,0,0,0,"NBCD_MZ61_BAW_height.tif"
88008,61,0.86700798,169,180.285714285714,332.571428571429,"NBCD_MZ61_BAW_height.tif"
88013,73,0.868887633333333,0,0,0,"NBCD_MZ53_BAW_height.tif"
88014,62,0.856345506666667,0,48.75,9506.25,"NBCD_MZ53_BAW_height.tif"
88015,70,0.883837353333333,0,89.5,9642.7,"NBCD_MZ61_BAW_height.tif"
88022,60,0.855043993333333,0,68,7198.33333333333,"NBCD_MZ61_BAW_height.tif"
88023,74,0.85218018,164,163.5,53.9,"NBCD_MZ61_BAW_height.tif"
88025,64,0.849334426666667,0,0,0,"NBCD_MZ59_BAW_height.tif"
88028,67,0.839575133333333,0,89.75,10740.25,"NBCD_MZ59_BAW_height.tif"
88029,73,0.688806293333333,0,48.3333333333333,5616.66666666667,"NBCD_MZ60_BAW_height.tif"
88030,72,0.77596192,0,29,3364,"NBCD_MZ60_BAW_height.tif"
88036,77,0.852190546666667,225,217.5,120.3,"NBCD_MZ57_BAW_height.tif"
88040,63,0.8238491,0,0,0,"NBCD_MZ59_BAW_height.tif"
88041,63,0.83653874,0,0,0,"NBCD_MZ59_BAW_height.tif"
88043,68,0.8041379,0,26.5714285714286,4942.28571428571,"NBCD_MZ60_BAW_height.tif"
88044,65,0.803618886666667,183,193.75,552.916666666667,"NBCD_MZ60_BAW_height.tif"
88046,65,0.768329933333333,0,62,9229.2,"NBCD_MZ60_BAW_height.tif"
88047,64,0.84877036,0,0,0,"NBCD_MZ57_BAW_height.tif"
88049,63,0.848965993333333,0,91.6666666666667,10138.2666666667,"NBCD_MZ59_BAW_height.tif"
88051,72,0.823180366666667,168,97.2857142857143,8384.90476190476,"NBCD_MZ59_BAW_height.tif"
88116,65,0.854645806666667,0,0,0,"NBCD_MZ57_BAW_height.tif"
88116,65,0.854645806666667,0,0,0,"NBCD_MZ61_BAW_height.tif"
88127,66,0.825957366666667,0,0,0,"NBCD_MZ60_BAW_height.tif"
89001,60,0.783067593333333,300,292.25,656.916666666667,"NBCD_MZ01_BAW_height.tif"
89002,61,0.771658766666667,0,60.5,14641,"NBCD_MZ01_BAW_height.tif"
89004,64,0.875953066666667,269,302.666666666667,1511.06666666667,"NBCD_MZ01_BAW_height.tif"
89005,73,0.75176292,292,307.4,170.8,"NBCD_MZ01_BAW_height.tif"
89006,46,0.550108053333333,0,0,0,"NBCD_MZ08_BAW_height.tif"
89007,73,0.67861992,0,51.5,6387.9,"NBCD_MZ10_BAW_height.tif"
89008,81,0.857132026666667,0,0,0,"NBCD_MZ10_BAW_height.tif"
89009,54,0.80837196,0,0,0,"NBCD_MZ01_BAW_height.tif"
89016,71,0.628502326666667,0,0,0,"NBCD_MZ08_BAW_height.tif"
89023,62,0.64720846,0,39.25,6162.25,"NBCD_MZ08_BAW_height.tif"
89024,53,0.86766682,0,0,0,"NBCD_MZ01_BAW_height.tif"
89025,61,0.78363406,0,98.5,11644.3,"NBCD_MZ01_BAW_height.tif"
89029,74,0.766719526666667,0,0,0,"NBCD_MZ01_BAW_height.tif"
89030,81,0.739184813333333,0,21.8333333333333,2860.16666666667,"NBCD_MZ10_BAW_height.tif"
89032,76,0.88987534,157,120.166666666667,8815.76666666667,"NBCD_MZ10_BAW_height.tif"
89040,52,0.72923308,0,0,0,"NBCD_MZ01_BAW_height.tif"
89040,52,0.72923308,0,0,0,"NBCD_MZ02_BAW_height.tif"
89041,69,0.919575293333333,0,0,0,"NBCD_MZ01_BAW_height.tif"
89043,65,0.891559713333333,150,120,3618.8,"NBCD_MZ01_BAW_height.tif"
89044,76,0.585436813333333,0,0,0,"NBCD_MZ08_BAW_height.tif"
89051,76,0.786021353333333,189,67.8333333333333,11127.3666666667,"NBCD_MZ10_BAW_height.tif"
89053,64,0.845973033333333,0,0,0,"NBCD_MZ01_BAW_height.tif"
89057,40,0.412503053333333,0,0,0,"NBCD_MZ08_BAW_height.tif"
89060,41,0.9236541,354,323.333333333333,6757.86666666667,"NBCD_MZ01_BAW_height.tif"
89065,72,0.576051406666667,0,0,0,"NBCD_MZ08_BAW_height.tif"
89066,49,0.764804733333333,0,0,0,"NBCD_MZ01_BAW_height.tif"
89071,86,0.887702373333333,151,80.6666666666667,7857.46666666667,"NBCD_MZ10_BAW_height.tif"
89074,76,0.808890573333333,0,0,0,"NBCD_MZ01_BAW_height.tif"
89075,48,0.39148062,0,0,0,"NBCD_MZ08_BAW_height.tif"
89076,43,0.434395353333333,0,0,0,"NBCD_MZ08_BAW_height.tif"
89079,64,0.924258513333333,0,94.25,12004.25,"NBCD_MZ01_BAW_height.tif"
89081,50,0.549307333333333,0,0,0,"NBCD_MZ08_BAW_height.tif"
89111,68,0.854464946666667,0,53.8571428571429,8504.14285714286,"NBCD_MZ01_BAW_height.tif"
89152,54,0.91611998,223,237,389.2,"NBCD_MZ10_BAW_height.tif"
89164,28,0.41538214,0,0,0,"NBCD_MZ08_BAW_height.tif"
90001,75,0.87816082,0,0,0,"NBCD_MZ61_BAW_height.tif"
90003,77,0.87869018,0,0,0,"NBCD_MZ61_BAW_height.tif"
90006,69,0.87960794,0,0,0,"NBCD_MZ53_BAW_height.tif"
90014,73,0.875371113333333,0,0,0,"NBCD_MZ62_BAW_height.tif"
90015,66,0.87266802,0,64,9856,"NBCD_MZ62_BAW_height.tif"
90016,72,0.88119048,0,0,0,"NBCD_MZ62_BAW_height.tif"
90019,70,0.86415922,0,63,9529.2,"NBCD_MZ62_BAW_height.tif"
90022,71,0.888872973333333,162,176.5,535.9,"NBCD_MZ61_BAW_height.tif"
90023,74,0.892579293333333,0,55.5,7445.5,"NBCD_MZ61_BAW_height.tif"
90024,76,0.892623546666667,215,170,7024.8,"NBCD_MZ61_BAW_height.tif"
90026,72,0.884435966666667,205,67.5,10937.5,"NBCD_MZ62_BAW_height.tif"
90027,72,0.88913972,0,0,0,"NBCD_MZ61_BAW_height.tif"
90029,72,0.890861906666667,216,186.333333333333,8564.26666666667,"NBCD_MZ61_BAW_height.tif"
90032,78,0.889326226666667,0,54.3333333333333,7085.46666666667,"NBCD_MZ61_BAW_height.tif"
90033,72,0.888703453333333,163,83.1666666666667,8351.76666666667,"NBCD_MZ61_BAW_height.tif"
90034,74,0.867032553333333,0,0,0,"NBCD_MZ62_BAW_height.tif"
90036,70,0.875445086666667,194,38.8,7527.2,"NBCD_MZ62_BAW_height.tif"
90037,73,0.872276686666667,0,0,0,"NBCD_MZ62_BAW_height.tif"
90039,73,0.878443826666667,0,0,0,"NBCD_MZ61_BAW_height.tif"
90039,73,0.878443826666667,0,0,0,"NBCD_MZ62_BAW_height.tif"
90041,71,0.880515706666667,196,195.666666666667,203.866666666667,"NBCD_MZ62_BAW_height.tif"
90044,71,0.871752,0,0,0,"NBCD_MZ61_BAW_height.tif"
90048,69,0.85940502,0,0,0,"NBCD_MZ61_BAW_height.tif"
90053,81,0.871857126666667,189,130,10304.8,"NBCD_MZ61_BAW_height.tif"
90140,69,0.8769715,180,146.4,6741.3,"NBCD_MZ61_BAW_height.tif"
90147,71,0.883085286666667,0,0,0,"NBCD_MZ61_BAW_height.tif"
90149,63,0.87119306,0,41.25,6806.25,"NBCD_MZ61_BAW_height.tif"
91001,89,0.931773733333333,144,119.428571428571,2882.95238095238,"NBCD_MZ41_BAW_height.tif"
91003,86,0.92765154,142,125.666666666667,3832.26666666667,"NBCD_MZ41_BAW_height.tif"
91004,79,0.9227033,0,0,0,"NBCD_MZ41_BAW_height.tif"
91005,83,0.739756206666667,140,140.666666666667,321.466666666667,"NBCD_MZ41_BAW_height.tif"
91006,77,0.92590282,158,86.5,9046.3,"NBCD_MZ50_BAW_height.tif"
91008,84,0.914201366666667,170,62.3333333333333,9440.66666666667,"NBCD_MZ50_BAW_height.tif"
91012,89,0.915366713333333,148,127.2,5102.7,"NBCD_MZ41_BAW_height.tif"
91020,79,0.923923313333333,0,56,7552,"NBCD_MZ50_BAW_height.tif"
91022,84,0.92029572,140,146.666666666667,89.0666666666667,"NBCD_MZ50_BAW_height.tif"
91024,81,0.917128546666667,0,0,0,"NBCD_MZ50_BAW_height.tif"
91026,84,0.929887166666667,0,28.8333333333333,4988.16666666667,"NBCD_MZ50_BAW_height.tif"
91027,86,0.93065122,0,35.8333333333333,7704.16666666667,"NBCD_MZ50_BAW_height.tif"
91028,75,0.918007733333333,146,73.8333333333333,6544.96666666667,"NBCD_MZ50_BAW_height.tif"
91029,87,0.89086862,164,126.25,7113.58333333333,"NBCD_MZ50_BAW_height.tif"
91029,87,0.89086862,177,134.5,8047,"NBCD_MZ51_BAW_height.tif"
91031,75,0.895967906666667,0,74.2857142857143,8723.2380952381,"NBCD_MZ50_BAW_height.tif"
91033,70,0.904827986666667,0,51.6666666666667,6408.26666666667,"NBCD_MZ50_BAW_height.tif"
91034,75,0.908272226666667,0,0,0,"NBCD_MZ50_BAW_height.tif"
91038,80,0.897757326666667,183,139.8,6162.2,"NBCD_MZ50_BAW_height.tif"
91041,85,0.885839526666667,0,0,0,"NBCD_MZ50_BAW_height.tif"
91042,82,0.900176633333333,0,0,0,"NBCD_MZ50_BAW_height.tif"
91044,95,0.86635232,0,56.3333333333333,7635.86666666667,"NBCD_MZ50_BAW_height.tif"
91045,85,0.842266786666667,0,0,0,"NBCD_MZ50_BAW_height.tif"
91052,73,0.890954326666667,0,0,0,"NBCD_MZ50_BAW_height.tif"
91055,72,0.87834938,0,0,0,"NBCD_MZ50_BAW_height.tif"
91057,79,0.863327626666667,0,0,0,"NBCD_MZ50_BAW_height.tif"
91068,69,0.85250394,0,0,0,"NBCD_MZ50_BAW_height.tif"
91301,77,0.854491446666667,158,115.6,4404.8,"NBCD_MZ41_BAW_height.tif"
91303,79,0.915548886666667,0,24.4285714285714,4177.28571428571,"NBCD_MZ50_BAW_height.tif"
91307,86,0.92089994,0,25.1666666666667,3800.16666666667,"NBCD_MZ50_BAW_height.tif"
91308,81,0.927001726666667,0,0,0,"NBCD_MZ50_BAW_height.tif"
91310,80,0.904306173333333,0,0,0,"NBCD_MZ50_BAW_height.tif"
91311,68,0.895745213333333,0,0,0,"NBCD_MZ50_BAW_height.tif"
91313,91,0.9130957,0,0,0,"NBCD_MZ50_BAW_height.tif"
91315,75,0.881398346666667,0,0,0,"NBCD_MZ50_BAW_height.tif"
91316,68,0.88283958,0,0,0,"NBCD_MZ50_BAW_height.tif"
91317,79,0.87008602,0,29.3333333333333,5162.66666666667,"NBCD_MZ50_BAW_height.tif"
91319,68,0.874344313333333,0,0,0,"NBCD_MZ50_BAW_height.tif"
91320,61,0.85409566,0,0,0,"NBCD_MZ50_BAW_height.tif"
91321,58,0.805014013333333,0,0,0,"NBCD_MZ50_BAW_height.tif"
91322,62,0.806274526666667,0,0,0,"NBCD_MZ50_BAW_height.tif"
92001,57,0.70126746,0,0,0,"NBCD_MZ21_BAW_height.tif"
92002,68,0.483484333333333,0,0,0,"NBCD_MZ21_BAW_height.tif"
92002,68,0.483484333333333,0,0,0,"NBCD_MZ22_BAW_height.tif"
92005,41,0.54684534,0,0,0,"NBCD_MZ29_BAW_height.tif"
92007,66,0.70595772,142,92,5110.8,"NBCD_MZ29_BAW_height.tif"
92011,47,0.428989586666667,0,0,0,"NBCD_MZ22_BAW_height.tif"
92011,47,0.428989586666667,0,0,0,"NBCD_MZ29_BAW_height.tif"
92015,46,0.290139253333333,0,0,0,"NBCD_MZ22_BAW_height.tif"
92019,71,0.46261462,0,0,0,"NBCD_MZ29_BAW_height.tif"
92026,55,0.709820666666667,0,0,0,"NBCD_MZ22_BAW_height.tif"
92028,44,0.500925006666667,0,0,0,"NBCD_MZ29_BAW_height.tif"
92030,63,0.72253294,187,192,318,"NBCD_MZ21_BAW_height.tif"
92032,74,0.574099593333333,0,0,0,"NBCD_MZ21_BAW_height.tif"
92035,36,0.369443753333333,0,0,0,"NBCD_MZ22_BAW_height.tif"
92037,40,0.337425273333333,0,0,0,"NBCD_MZ22_BAW_height.tif"
92041,35,0.469728646666667,0,0,0,"NBCD_MZ22_BAW_height.tif"
92041,35,0.469728646666667,0,0,0,"NBCD_MZ29_BAW_height.tif"
92045,31,0.460257146666667,0,0,0,"NBCD_MZ29_BAW_height.tif"
92051,66,0.81518164,0,0,0,"NBCD_MZ21_BAW_height.tif"
92053,62,0.554317466666667,155,89.7142857142857,7045.2380952381,"NBCD_MZ21_BAW_height.tif"
92053,62,0.554317466666667,32,19,316.666666666667,"NBCD_MZ22_BAW_height.tif"
92063,51,0.50633698,0,0,0,"NBCD_MZ29_BAW_height.tif"
92077,54,0.494963793333333,0,0,0,"NBCD_MZ21_BAW_height.tif"
92082,36,0.29061688,0,0,0,"NBCD_MZ22_BAW_height.tif"
92083,26,0.341809266666667,0,0,0,"NBCD_MZ22_BAW_height.tif"
92084,46,0.343839173333333,0,0,0,"NBCD_MZ22_BAW_height.tif"
92085,21,0.349518986666667,0,0,0,"NBCD_MZ22_BAW_height.tif"
92087,70,0.485610826666667,0,0,0,"NBCD_MZ29_BAW_height.tif"
92090,31,0.494962966666667,0,0,0,"NBCD_MZ29_BAW_height.tif"
92101,20,0.22899298,0,0,0,"NBCD_MZ22_BAW_height.tif"
92103,29,0.450238813333333,0,0,0,"NBCD_MZ22_BAW_height.tif"
92104,45,0.556318606666667,0,0,0,"NBCD_MZ22_BAW_height.tif"
92120,45,0.48292364,0,0,0,"NBCD_MZ29_BAW_height.tif"
92123,24,0.261386013333333,0,0,0,"NBCD_MZ22_BAW_height.tif"
92150,55,0.75399552,0,0,0,"NBCD_MZ29_BAW_height.tif"
92206,27,0.416142846666667,0,0,0,"NBCD_MZ29_BAW_height.tif"
